NO;Nama UMKM;Komoditi, Produk Utama;Sektor Usaha;Alamat;Tahun Berdiri;Tenaga Kerja;Aset;Omzet;Telepon;Pemasaran;Tanggal;Jenis;Kecamatan
;Konveksi Budak Santri;Konveksi, Baju Santri;Fashion;Pangauban RT 01 RW 05 Batujajar Timur Batujajar;2010;1;720000;6000000;087822155971;;2019/01/01;3;3
;Konveksi Baju Muslim;Konveksi, Baju Muslim Pria;Fashion;Jl.Aster III A.25 Batujajar indah Batujajar Barat Batujajar;2012;2;6500000;50000000;0226864114 / '081572500506;;2019/01/02;3;3
;Mutiara Konveksi;Konveksi;Fashion;Jl. Blok SMP Rt 01 Rw 03 Desa Batujajar Barat  Batujajar;2005;4;8000000;14400000;081320607348;;2019/01/03;3;3
;Busana Sulam Halimah;Hijab, Muslimah;Fashion;Cikonde RT 01 RW 02 Cikonde Batujajar;2002;5;7000000;38000000;;;2019/01/04;3;3
;Puspa Busana;Butik;Fashion;Bojong Haleuang RT 01 RW 01 Bojong Halewang Batujajar;2000;5;14000000;12000000;;;2019/01/05;3;3
;Busana Payet;Payet;Fashion;Batujajar Batujajar Batujajar;2006;4;1350000;648000;;;2019/01/06;3;3
;Berdikari;Toko Baju Anak;Fashion;Kp. Dungus Purna RT 01/10 Galanggang Batujajar;2011;2;25000000;140000000;022-76113570;;2019/01/07;3;3
;Kelompok Usaha Ekonomi Ngalagena;Toko Baju Dewasa;Fashion;Kp.Sekeloa RT 01/RW 10 Cangkorah Batujajar;1985;2;2000000;9000000;081394544666;;2019/01/08;3;3
;Conveksi Nurani Mandiri;Konveksi;Fashion;Blok Sinarjaya  Batujajar Barat Batujajar;1995;3;15000000;144000000;;;2019/01/09;3;3
;Shafira Colection;Pakaian Wanita;Fashion;Jl.Raya Batujajar<Babakan Sari> Batujajar Timur Batujajar;1985;5;700000;280000000;;;2019/01/10;3;3
;Zanita Shwall;Pakaian Wanita;Fashion;Puspa Regency B.60 Batujajar Batujajar;2003;10;700000;36000000;;;2019/01/11;3;3
;Konveksi  Hanania;Konveksi;Fashion;Blok Sukamaju Rt.03/Rw.13 Batujajar Barat Batujajar;1987;6;5000000;40000000;087 823 131 596;;2019/01/12;3;3
;Khanzalifa;Penjahit;Fashion;Jl. Raya Batujajar 294 Galanggang Batujajar;1985;4;3000000;112000000;085794413439;;2019/01/13;3;3
;menjahit;Penjahit;Fashion;kp.cibeber hilir rt 03/02 giri asih Batujajar;2015;4;2000000;17500000;081321869640;;2019/01/14;3;3
;jahit;Penjahit;Fashion;kp.cibeber hilir rt 01/02  giri asih  Batujajar;2010;3;10000000;36000000;08978676299;;2019/01/15;3;3
;fashion HM ;Toko Baju Pria Wanita;Fashion;kp. Cibeber hilir RT. 02/02  giri asih  Batujajar;2007;8;15000000;36000000;082317461564;;2019/01/16;3;3
;jahit bikin baju;Konveksi, Menjahit;Fashion;kp.cibeber hilir rt 03/02 giri asih Batujajar;2001;2;2000000;8100000;081214811936;;2019/01/17;3;3
;Asep Taylor;Menjahit;Fashion;kp.cimanglio rt 02/04  cangkorah Batujajar;2015;3;15000000;6000000;082315063370;;2019/01/18;3;3
;menjahit ;Menjahit;Fashion;kp.babakan baru rt 03/12 pangauban  Batujajar;2014;2;60000000;20000000;;;2019/01/19;3;3
;penjahit ;Menjahit;Fashion;kp. Dungguspurna rt 01/08    galangan  Batujajar;2012;2;5000000;50000000;085321730177;;2019/01/20;3;3
;konveksi;Konveksi;Fashion;kp.salacau rt 02 / 05 selacau  Batujajar;2008;3;5000000;50000000;089617634022;;2019/01/21;3;3
;dagang keliling ;Dagang Baju Keliling;Fashion;kp.selacau rt 02/ 05  selacau  Batujajar;2007;5;12000000;6000000;089617634022;;2019/01/22;3;3
;kompeksi ;Konveksi;Fashion;kp.cibogo rt 04/12 pangauban  Batujajar;1989;3;15000000;8000000;;;2019/01/23;3;3
;b.k.j;Konveksi,  Produsen Jaket;Fashion;kp.sesekendal rt 01/07 cangkorah  Batujajar;2005;3;30000000;60000000;0853203227699;;2019/01/24;3;3
;konfeksi ;Konveksi;Fashion;kp. Cibogo rt. 04/12 pangauban Batujajar;2016;3;2000000;37000000;;;2019/01/25;3;3
;berdikan (kompeksi);Konveksi;Fashion;kp. Cimanglio rt. 02/15  cangkorah  Batujajar;2015;3;2500000;15000000;;;2019/01/26;3;3
;menjahit ;Penjahit;Fashion;kp.sampih manggu rt 02/11 cangkorah  Batujajar;2013;3;2000000;13000000;082310279278;;2019/01/27;3;3
;konfeksi ;Konveksi;Fashion;kp.sampihmanggu rt 03/11 cangkorah  Batujajar;2011;4;1000000;15000000;081321079342;;2019/01/28;3;3
;konveksi (jaket);Konveksi Jaket;Fashion;kp sampih manggu rt 02/11 cangkorah  Batujajar;2008;2;2000000;50000000;085795260756;;2019/01/29;3;3
;menjahit ;Penjahit;Fashion;kp. Sampih manggu rt, 02/11 cangkorah  Batujajar;2007;2;10000000;32000000;;;2019/01/30;3;3
;konveksi;Konveksi;Fashion;kp. Sampih manggu rt. 03/11 cangkorah  Batujajar;2008;2;14000000;30000000;085795223650;;2019/01/31;3;3
;jahit / pria wanita;Toko Jaket;Fashion;kp.jl hegar manah 11 Galanggang  Batujajar;2012;3;16000000;40000000;089671056671;;2019/02/01;3;3
;kelompok usaha hijab ;Produsen hijab;Fashion;pondok dustira rt. 04/09  Gadobangkong  Batujajar;2013;3;15500000;20000000;;;2019/02/02;3;3
;darma sejahtera ;Toko Baju;Fashion;jl. Raya gadobangkong no.15 rt.02/03 Gadobangkong  Batujajar;2008;5;18000000;32500000;;;2019/02/03;3;3
;Kelompok Usaha Mitra Mandiri;Konveksi;Fashion;Kp. Sinarmukti Selacau Selacau Batujajar;2012;3;3000000;16000000;;;2019/02/04;3;3
;Konveksi ;Pakaian;Fashion;Kp. Sciceuri   No. 44 RT. 01 RW. 02 Cangkorah Batujajar;2008;3;2000000;12500000;;;2019/02/05;3;3
;Mitra Saluyu;Konfeksi;Fashion;Kp. Seketando RT. 02 RW. 03 Cangkorah Batujajar;2016;5;10000000;90000000;;;2019/02/06;3;3
;Home Industri [Konveksi];Pakaian;Fashion;Kp. Seketando RT. 02 RW. 04 Batujajar Timur Batujajar;2012;3;15000000;180000000;;;2019/02/07;3;3
;Kelompok Usaha Bersama Citar Mandiri;Pakaian Jadi;Fashion;Jl. Raya Batujajar  Selacau Batujajar;2017;1;2000000;20000000;;;2019/02/08;3;3
;Kelompok Usaha Konveksi AL-HARITS;Konveksi;Fashion;Jl.Pasirpaku RT 02/07 Desa  Giriasih Batujajar;2008;1;15000000;30000000;;;2019/02/09;3;3
;Rizki Collection;Konveksi;Fashion;Blok Pesantren RT 01/07 Desa  Batujajar Barat  Batujajar;2012;4;60000000;6000000;;;2019/02/10;3;3
;Konpeksi;Toko Baju;Fashion;P.Kp.BBK Pari Rt.01/04 Batujajar Timur Batujajar;2010;1;5000000;36000000;;;2019/02/11;3;3
;Penjahit Pakaian Kumbang Jaya;Konveksi, Penjahit;Fashion;Jl.Raya Kaum Selatan (depan PDAM) Batujajar Barat Batujajar;2005;2;5000000;10000000;;;2019/02/12;3;3
;Kel. Bina Sejahtera;Konveksi Jas Hujan;Fashion;P:Kp.Cihurip Rt.03/12  Pangauban Batujajar;2008;3;12000000;20000000;;;2019/02/13;3;3
;Kel. Dian Collection;Busana Payet;Fashion;jl. Raya gadobangkong no.15 rt.02/14 Gadobangkong  Batujajar;2009;3;15000000;50000000;;;2019/02/14;3;3
;Busana Payet;Payet;Fashion;P:Kp.Cihurip Rt.03/12  Gadobangkong  Batujajar;2013;2;1000000;43000000;;;2019/02/15;3;3
;Busana Sawargi;Konveksi;Fashion;P:Jl Sinar Mukti Rt.002/004  Gadobangkong  Batujajar;2015;1;500000;11000000;;;2019/02/16;3;3
;Mulya Busana;Toko Baju;Fashion;P:Jl Sinar Mukti Rt.002/005 Gadobangkong  Batujajar;2016;2;5000000;12000000;;;2019/02/17;3;3
;Mulya Busana Group;Konveksi;Fashion;Jl. Sinar Jaya No 122 A Pangauban Batujajar;2015;3;6000000;300000000;;;2019/02/18;3;3
;Bearland Colloction;Bordel;Fashion;kp.dunguspurna rt 01/08 Selacau Batujajar;2016;4;500000;168000000;;;2019/02/19;3;3
;Viking Cikalong;Baju Persib;Fashion;Kp. Sinarmukti Selacau Batujajar Barat Batujajar;2010;1;5,000,000;648000000;;;2019/02/20;3;3
;Fikri Fahri Collection;Topi;Fashion;Kp.Sciceuri No 49 RT. 01RW. 02 Sinarjaya Batujajar;2006;3;2000000;15000000;;;2019/02/21;3;3
;SARLON ;Tailor;Fashion;Jl. Cimareme No 89 A Galanggang Batujajar;2012;4;2000000;13000000;;;2019/02/22;3;3
;SABLON ;Tailor;Fashion;Jl. Raya Batujajar No 17 A  Selacau Batujajar;2007;4;2000000;50000000;;;2019/02/23;3;3
;pedagang pakain ;Tailor;Fashion;Jl.Raya Batujajar No 222 Cangkorah Batujajar;2014;3;10000000;15000000;;;2019/02/24;3;3
;Andini Collection;Konveksi ;Fashion;Kp. Warungpulus Gelanggang Batujajar;2008;4;1000000;15000000;;;2019/02/25;3;3
;Konveksi;Konveksi;Fashion;Kp. Warung pulus No 53 Rt 03/13 Batujajar Barat Batujajar;2011;2;1000000;8000000;;;2019/02/26;3;3
;Tailor;Konveksi;Fashion;Kp. Warungpulus No. 13 RT 02 RW. 09 Galanggang Batujajar;2012;5;1000000;20000000;;;2019/02/27;3;3
;Tailor;Konveksi ;Fashion;Blok Panca Tengah RT 05/03  SMPN 1 Batujajar  Batujajar Barat Batujajar;2015;5;2000000;720000000;;;2019/02/28;3;3
;Tailor;Konveksi;Fashion;Blok.Ranca RT 01 RW 02 Batujajar Barat Batujajar;2017;2;25000000;18000000;;;2019/03/01;3;3
;Konveksi Kelompok Mawar;Kaos, aksesoris, Mangset Dan Topi;Fashion;Kp. Sciceuri   No. 44 RT. 01 RW. 02 Cangkorah Batujajar;2017;4;25000000;12000000;;;2019/03/02;3;3
;Kelompok Usaha Konveksi Bandung Barat”;Kaos, aksesoris, Mangset Dan Topi;Fashion;Blok Pancatengah 03/04 Jl.SMP Desa  Batujajar Barat Batujajar;2006;1;1500000;120000000;;;2019/03/03;3;3
;Mekar Busana 6;Fesyen;Fashion;Kp. Seketando  RT. 05 RW. 13 Cangkorah Batujajar;2009;1;25000000;48000000;;;2019/03/04;3;3
;Sinar Pagi Tailor;Menjahit;Fashion;Kp. Seketando  RT. 01 RW. 14 Cangkorah Batujajar;2015;3;7000000;72000000;;;2019/03/05;3;3
;Kube Sekawan;Bordiran;Fashion;Kp. Seketando  RT. 01 RW. 13 Cangkorah Batujajar;2010;1;6000000;36000000;;;2019/03/06;3;3
;KP2B;Kebaya Payet, Pelatihan Bordir;Fashion;Kp.Dungus Purna RT 03/08 Desa  Galanggang  Batujajar;2012;3;4000000;15000000;;;2019/03/07;3;3
;J&Jcollection;Kerudung;Fashion;Kp. Seketendo RT. 01 RW 13  Cangkorah Batujajar;2007;3;2000000;54000000;;;2019/03/08;3;3
;Sigurilem;Kerupuk Cacing&Kerupuk Jengkol;Fashion;P:Kp.Cicangkuang  Giri asih Batujajar;2017;4;1000000;26000000;;;2019/03/09;3;3
;Konveksi Nurani;Konveksi;Fashion;Blok Sukamaju RT 04/RW 12 Batujajar Barat Batujajar;2005;3;15000000;108000000;;;2019/03/10;3;3
;Produksi Kaos;Produksi kaos;Fashion;Blok Ranca RT 02 RW 02 Batujajar Barat Batujajar;2016;2;1000000;8400000;;;2019/03/11;3;3
;Penjahit;Pakain;Fashion;Rt.03/Rw.170-186 Galanggang Batujajar;2014;2;600000;36000000;;;2019/03/12;3;3
;batik Rumahan;Pakain jadi ;Fashion;kp.gunung halu rt 01/05 giriasih  Batujajar;2006;2;28000000;90000000;;;2019/03/13;3;3
;""" ASPA KONVEKSI""";Konveksi;Fashion;Jl. Blok SMP Rt 01 Rw 03 Desa Batujajar Barat  Batujajar;2018;5;3300000;14400000;;;2019/03/14;3;3
;KOMPEKSI AMUH;Konveksi;Fashion;Cikonde RT 01 RW 02 Cikonde Batujajar;2012;4;2800000;16800000;;;2019/03/15;3;3
;KONVEKSI;Konveksi;Fashion;Bojong Haleuang RT 01 RW 01 Bojong Halewang Batujajar;2002;6;25000000;100000000;;;2019/03/16;3;3
;Konveksi;Konveksi;Fashion;Batujajar Batujajar Batujajar;2010;3;8000000;90000000;;;2019/03/17;3;3
;Raisya Collection ;Toko Baju;Fashion;Kp. Dungus Purna RT 01/10 Galanggang Batujajar;2018;1;3000000;28200000;;;2019/03/18;3;3
;Alesha Collection ;Toko Baju;Fashion;Kp.Sekeloa RT 01/RW 10 Cangkorah Batujajar;2017;4;6000000;54000000;;;2019/03/19;3;3
;Surpet & Jual Pakaian ;Toko Baju;Fashion;Blok Sinarjaya  Batujajar Barat Batujajar;2013;3;3000000;28800000;;;2019/03/20;3;3
;Baju Pakaian ;Toko Baju;Fashion;Jl.Raya Batujajar<Babakan Sari> Batujajar Timur Batujajar;2001;3;400000;12000000;;;2019/03/21;3;3
;MMF ( pakaian / menjahit );Pakain jadi , Penjahit;Fashion;Puspa Regency B.60 Batujajar Batujajar;2002;5;7000000;48000000;;;2019/03/22;3;3
;Pengrajin;Anyaman Bambu;kerajinan;Kp. Warungpulus Gelanggang Batujajar;2010;2;5000000;32500000;;;2019/03/23;3;3
;Dona Sepatu Lukis;Sepatu Lukis;kerajinan;Kp. Warung pulus No 53 Rt 03/13 Batujajar Barat Batujajar;2015;2;3000000;16000000;081573245507;;2019/03/24;3;3
;Pengrajin;Rajutan;kerajinan;Kp. Warungpulus No. 13 RT 02 RW. 09 Galanggang Batujajar;2002;2;2000000;12500000;;;2019/03/25;3;3
;Bejo Citra Mandiri;Anyaman Bambu;kerajinan;Blok Panca Tengah RT 05/03  SMPN 1 Batujajar  Batujajar Barat Batujajar;2006;4;10000000;90000000;081221711850;;2019/03/26;3;3
;Rajut Barokah;Kain Rib;kerajinan;Blok.Ranca RT 01 RW 02 Batujajar Barat Batujajar;2017;2;15000000;180000000;02270028438;;2019/03/27;3;3
;Daur ulang plastik;Daur ulang plastik;KERAJINAN;Kp. Sciceuri   No. 44 RT. 01 RW. 02 Cangkorah Batujajar;2005;3;2000000;20000000;;;2019/03/28;3;3
;Elis;Sepatu;kerajinan;Blok Pancatengah 03/04 Jl.SMP Desa  Batujajar Barat Batujajar;2012;3;15000000;30000000;081394339590;;2019/03/29;3;3
;Cindeart;Kerajinan Limbah Pohon pisang;kerajinan;Jl. SMP Blok Panca Tengah Rt 03 Rw 05 Batujajar Barat Batujajar;2006;3;60000000;6000000;02295766718;;2019/03/30;3;3
;Penrajin;Sepatu;kerajinan;Kp. Seketando  RT. 01 RW. 13 Cangkorah Batujajar;2011;3;5000000;36000000;;;2019/03/31;3;3
;Pengrajin;Pengrajin sepatu;kerajinan; Girimukti Batujajar;2003;2;5000000;10000000;;;2019/04/01;3;3
;Sepatu;Sepatu;kerajinan;Kp. Seketando  RT. 01 RW. 13 Cangkorah Batujajar;2016;5;12000000;20000000;;;2019/04/02;3;3
;Galanggang;Pupuk;kerajinan;Kp.Dungus Purna RT 03/08 Desa  Galanggang  Batujajar;2010;2;15000000;50000000;;;2019/04/03;3;3
;Bata Merah;Bata Merah;kerajinan;Kp. Seketendo RT. 01 RW 13  Cangkorah Batujajar;2017;4;30000000;6000000;;;2019/04/04;3;3
;BIPIK       ;Industrio Perekat Lem ;kerajinan;P:Kp.Cicangkuang  Giri asih Batujajar;2005;3;2000000;5000000;;;2019/04/05;3;3
;Kelompok Usaha Lilitan Travo;Pengrajin Lilitan Travo;kerajinan;Blok Sukamaju RT 04/RW 12 Batujajar Barat Batujajar;2001;4;2500000;5000000;081320309164;;2019/04/06;3;3
;Jaya Laksana;Percetakan Batako;kerajinan;Blok Ranca RT 02 RW 02 Batujajar Barat Batujajar;2005;2;2000000;25000000;;;2019/04/07;3;3
;Farya Jeni Hand;Patung, Lukisan Dari Daur Ulang Kertas;kerajinan;Rt.03/Rw.170-186 Galanggang Batujajar;2003;3;1000000;60000000;081 561 828 93;;2019/04/08;3;3
;pres batako ;bikin batako pres;kerajinan;kp.gunung halu rt 01/05 giriasih  batujajar ;2011;3;2000000;37000000;081214389639;;2019/04/09;3;3
;mebeul mekar wangi ;mebel ;kerajinan;kp.seketando rt 02/13 cangkorah  batujajar ;2015;4;10000000;15000000;089682480297;;2019/04/10;3;3
;pengrajin ;pembuatan kusen ;kerajinan;kp. Andir rt. 02/03 gadobangkong  batujajar ;2002;4;14000000;13000000;;;2019/04/11;3;3
;pengrajin ;pembuatan kusen ;kerajinan;kp. Sasak besi  gadobangkong  batujajar ;2001;1;16000000;36000000;;;2019/04/12;3;3
;rumah seni nu ;rajutan,pernak pernik, lukisan ;kerajinan;jl. Raca bogo no. 20 rt 02/06 gadobangkong  batujajar ;2011;2;15500000;65000000;;;2019/04/13;3;3
;ateja multi industri ;pertenunan,peryempurnaan ;kerajinan;jl. Raya gadobangkong  gadobangkong  batujajar ;2016;1;40000000;65000000;;;2019/04/14;3;3
;MEBEUL ILHAM;JUALAN NASI KUNING DAN PENGRAJIN MEUBEL;Industri Pengolahan (Kerajinan);KP.HAURNGONDOL RT.002 RW.006                   DESA CANGKORAH Cangkorah batujajar;2010;4;45000000;13000000;;;2019/04/15;3;3
;RAHAYU FURNITURE                                  ;MEMBUAT CETAKAN KANCING (MESIN GRAFIR);Industri Pengolahan (Kerajinan);KP.SEKETANDO RT.002 RW.013                            DESA CANGKORAH 0457 9456 5524 Cangkorah batujajar;2008;3;15000000;36000000;;;2019/04/16;3;3
;EXO FURNITURE                                ;FURNITURE;Industri Pengolahan (Kerajinan);BATUJAJAR INDAH I ASTER III BLOK B NO.2 RT.002 RW.013 DESA CANGKORAH Cangkorah batujajar;2007;4;4000000;65000000;;;2019/04/17;3;3
;KERAJINAN GERABAH;JUAL GERABAH;Industri Pengolahan (Kerajinan);PERUM BATUJAJAR INDAH II B I / 44B2 RT.003 RW.014 DESA BATUJAJAR TIMUR Batujajar Timur batujajar;2005;5;20000000;65000000;;;2019/04/18;3;3
;YANI MEUBEL;MEUBEL;Industri Pengolahan (Kerajinan);KP.BABAKAN PARI RT.001 RW.004                      DESA BATUJAJAR TIMUR Batujajar Barat batujajar;2008;7;13000000;60000000;;;2019/04/19;3;3
;PONITI FURNITURE;JUAL FURNITURE;Furniture;KP.SEKEBANGBARA RT.001 RW.012                       DESA CANGKORAH Cangkorah batujajar;2014;5;15000000;20000000;;;2019/04/20;3;3
;FISH MEUBEL                                                   ;JUAL FURNITURE;Furniture;KP.BABAKANPARI RT.003 RW.004 BATUJAJAR TIMUR                                                                   Batujajar Timur batujajar;2011;2;15000000;10000000;;;2019/04/21;3;3
;""" SRI REJEKI JATI JEPARA ""                                                 ";MEUBEL;Industri Pengolahan (Kerajinan);BATUJAJAR INDAH I ASTER III BLOK B NO.2 RT.002 RW.013 DESA CANGKORAH Cangkorah batujajar;2010;4;15000000;42000000;;;2019/04/22;3;3
;""" SINAR MUKTI ""                                ";KUSEN PINTU MEUBEL;Industri Pengolahan (Kerajinan);KP.BABAKAN PARI RT.01/05 DS.BATUJAJAR TIMUR   Batujajar Timur batujajar;2007;4;42000000;32000000;;;2019/04/23;3;3
;pengrajin kursi;pengrajin kursi;Industri Pengolahan (Kerajinan);kp.neglasari rt.03/13 galanggang batujajar;2008;3;3000000;18000000;;;2019/04/24;3;3
;BIJIGI CRAFT;Kerajinan Tangan Barang Bekas;Industri Pengolahan (Kerajinan);Jl.Haji Umar Rt.02 Rw.11  Galanggang batujajar;2011;4;30000000;20000000;;;2019/04/25;3;3
;LIMA ART;Lukisan;Industri Pengolahan (Kerajinan);Jl.Sukamaju Rt.04 Rw.13 Batujajar barat batujajar;2015;5;30000000;100000000;;;2019/04/26;3;3
;UMKM Bunga Melati;Sistik Basreng;Kuliner;Jln. SMP  Batujajar Barat Batujajar;2011;4;20000000;12000000;;;2019/04/27;3;3
;Pengrajin;Ranginang;Kuliner;Kp. Selacau RT 02 RW3 Selacau Batujajar;2003;3;20000000;12000000;;;2019/04/28;3;3
;Bunga Melati;Makanan;Kuliner;Jl. SMP RT. 01/RW. 03 Ds. Batujajar Barat Batujajar Barat Batujajar;2016;5;1500000;12000000;;;2019/04/29;3;3
;Sakinah;Makanan;Kuliner;Jl. Selacau RT. 01/02  Batujajar Batujajar;2010;4;1000000;10000000;;;2019/04/30;3;3
;Keripik Pisang;Keripik Pisang;Kuliner;Kp. Cukangbatu RT. 02 RW 06 Cipageran Batujajar;2017;5;1200000;15000000;;;2019/05/01;3;3
;CV. Sinergi Wijaya;Aneka Produk Rosella;Kuliner;Perum Puspa Regensi Blok C 01  Batujajar Timur Batujajar;2005;4;4000000;24000000;;;2019/05/02;3;3
;UMKM “Dungus Purna”;Makanan&Minuman;Kuliner;Kp.Dungus Purna RT 02/10 Desa  Galanggang Batujajar;2001;8;3000000;15000000;6861335/08122332841;;2019/05/03;3;3
;Karya Mandiri;Kerupuk Cireng;Kuliner;Jl. Raya Batujajar No.280 Galanggang Batujajar;2005;7;3500000;11000000;;;2019/05/04;3;3
;Boga Rasa;Makanan;Kuliner;Kp.Citanjung RT02/01 Desa  Galanggang  Batujajar;2003;7;3000000;15000000;081321530732;;2019/05/05;3;3
;UKM Melati;Aneka makanan Ringan;Kuliner;Kp. Neglasari RT. 03/RW. 14 Ds. Galanggang Galanggang Batujajar;2011;10;6000000;20000000;;;2019/05/06;3;3
;Pembuatan Kerupuk;Pembuatan Kerupuk;Kuliner;Kp. Lemahdulur RT. 03 RW. 02 Girimukti Batujajar;2015;3;5000000;20000000;;;2019/05/07;3;3
;Vini Vidi Vici;Makanan Ringan, Aneka Kue;Kuliner;Jl.Terusan SMP RT 02/15  Batujajar Barat Batujajar;2002;6;2000000;15000000;;;2019/05/08;3;3
;UMKM SUSU MURNI;Susu Murni;Kuliner;Kp. Citunjung RT. 03/03 Ds. Batujajar Timut Kec. Batujajar Kab. Bandung Barat  Batujajar Timur Batujajar;2001;7;2000000;10000000;08156200874;;2019/05/09;3;3
;CV. Uyut ;Aneka makanan Ringan;Kuliner;Jl. Raya Batujajar No. 148 RT 02/12 Giriasih Giriasih Batujajar;2011;3;2000000;16000000;;;2019/05/10;3;3
;Rossy;Donat, kue kering& Bolu;Kuliner;Kp. Sinar Mukti No. 104 Rt 02/01 Selacau Batujajar;2016;5;10000000;12500000;081320252599;;2019/05/11;3;3
;Selera Rasa;Abon Ikan;Kuliner;Puspa Regency Blok A-33 RT 09/09 Batujajar Timur Batujajar;2010;2;1000000;12000000;02291332233;;2019/05/12;3;3
;Keripik Pisang;Keripik Pisang;Kuliner;Kp. Cukangbatu RT. 02 RW 06 Cipageran Batujajar;2012;3;1000000;6000000;085793542481;;2019/05/13;3;3
;Kurnia mas Busana ;;Kuliner;Cihurip RT 01 RW 12 Pagauban Batujajar;2001;8;1000000;15000000;;;2019/05/14;3;3
;UMKM NS Sehati;Tempe Pedas;Kuliner;Kp. Girimulya RT. 02/09  Selacau Batujajar;2011;5;2000000;12000000;085722281043;;2019/05/15;3;3
;UMKM Rumah Crispy ;Makanan ringan;Kuliner;Jl. SMP Gg. Mandiri III No. 9 Batujajar Barat Batujajar;2016;8;25000000;21000000;;;2019/05/16;3;3
;Sadar jaya;Payet, Kerupuk, Jaket Kulit, Bekam;Kuliner;Blok Sukamaju No.33 RT 02/12  Batujajar Barat Batujajar;2010;3;25000000;20000000;;;2019/05/17;3;3
;Pembuatan Kerupuk;Pembuatan Kerupuk;Kuliner;Kp. Lemahdulur RT. 03 RW. 02 Girimukti Batujajar;2007;8;1500000;10000000;085624789822;;2019/05/18;3;3
;Pengrajin;Kecap manis;Kuliner;Kp. Dunguspurna  RT. 03 RW. 08 Galanggang Batujajar;2006;4;6000000;12000000;;;2019/05/19;3;3
;Pengrajin;Pembuatan Tahu;Kuliner;Kp. Seketando No. 13 RT. 02 RW. 09 Cangkorah Batujajar;2016;4;1500000;12000000;;;2019/05/20;3;3
;Noesje Cookies;Kue dan Cookie;Kuliner;Puspa Regency B-40 Batujajar Timur Batujajar;2007;3;10000000;10000000;;;2019/05/21;3;3
;Boga Rasa;Jajanan Pasar;Kuliner;Kp.Cisanjung RT 02/RW 01 Galanggang Batujajar;2006;4;30000000;10000000;081321265765;;2019/05/22;3;3
;Prima Catering;Catering;Kuliner;Kp.Pasir Paku RT 02 Giri Asih Batujajar;2006;4;2000000;10000000;0817623970;;2019/05/23;3;3
;Tiga Saudara;Catering;Kuliner;Blok Pasantren No.39 RT 01/RW 07 Batujajar Barat Batujajar;2001;3;2500000;15000000;081221197757;;2019/05/24;3;3
;Kelompok Pengusaha Kecil Giriasih KPKG;Keripik Cimol;Kuliner;Perum Giri Asih Blok C-4 RT 03/RW 14 Giri Asih Batujajar;2010;5;2000000;11500000;;;2019/05/25;3;3
;Kelompok Pengrajin Keripik Pisang Bangkit;Keripik Pisang;Kuliner;Blok Warungpulus RT 02/RW 14 Batujajar Barat Batujajar;2012;7;1000000;10000000;081395082744;;2019/05/26;3;3
;Karya Mandiri;Kerupuk Cireng;Kuliner;Jl. Raya Batujajar No.280 Galanggang Batujajar;2005;8;2000000;10000000;;;2019/05/27;3;3
;Vini Vidi Vici;Makanan Ringan, Aneka Kue;Kuliner;Jl.Terusan SMP RT 02/15  Batujajar Barat Batujajar;2007;7;10000000;10000000;081321530732;;2019/05/28;3;3
;Ika kartika;Baso dan makanan;Kuliner;Kp Cihurip RT 01 Rw 11  Pangauban  Batujajar;2006;2;20000000;12000000;08156200874;;2019/05/29;3;3
;Aisyah;Gorengan;Kuliner;Kp Cihurip RT 02 Rw 11  Pangauban  Batujajar;2011;8;20000000;12000000;;;2019/05/30;3;3
;Eka Sulastri;Baso;Kuliner;Kp Cihurip RT 03 Rw 11  Pangauban  Batujajar;2007;3;1500000;12000000;;;2019/05/31;3;3
;Esih;Gorengan;Kuliner;Kp Cihurip RT 01 Rw 11  Pangauban  Batujajar;2012;2;1000000;10000000;;;2019/06/01;3;3
;Yoyoh;Gorengan;Kuliner;Kp Cihurip RT 02 Rw 11  Pangauban  Batujajar;2016;4;1200000;15000000;;;2019/06/02;3;3
;Sukaesih;Gorengan;Kuliner;Kp Cihurip RT03 Rw 11  Pangauban  Batujajar;2010;3;4000000;24000000;;;2019/06/03;3;3
;Empon ;Lotek & Masakan;Kuliner;Kp Cihurip RT 02 Rw 11  Pangauban  Batujajar;2003;5;3000000;15000000;;;2019/06/04;3;3
;Iim;Makanan;Kuliner;Kp Banuraja RT 03 Rw 09  Pangauban  Batujajar;2010;5;3500000;11000000;;;2019/06/05;3;3
;Oo;Makanan;Kuliner;Kp Banuraja RT 03 Rw 09  Pangauban  Batujajar;2012;8;3000000;15000000;;;2019/06/06;3;3
;Ati Damayanti;Baso;Kuliner;Kp Banuraja RT 03 Rw 09 Pangauban  Batujajar;2015;7;6000000;20000000;;;2019/06/07;3;3
;Aceng;Baso;Kuliner;Kp Banuraja RT 03 Rw 09 Pangauban  Batujajar;2009;8;5000000;20000000;;;2019/06/08;3;3
;Erna;Baso;Kuliner;Kp Cihurip RT 02 Rw 11  Pangauban  Batujajar;2012;7;2000000;15000000;;;2019/06/09;3;3
;Ai;Gorengan;Kuliner;Kp Cihurip RT 02 Rw 11  Pangauban  Batujajar;2007;2;2000000;10000000;;;2019/06/10;3;3
;Enung;Makanan;Kuliner;Kp Cihurip RT 02 Rw 11  Pangauban  Batujajar;2015;9;2000000;16000000;;;2019/06/11;3;3
;Imas Tuti;Makanan;Kuliner;Kp Cihurip RT 02 Rw 11  Pangauban  Batujajar;2010;7;10000000;12500000;;;2019/06/12;3;3
;Neni;Warung;Kuliner;Kp Cihurip RT 01 Rw 11  Pangauban  Batujajar;2007;7;1000000;12000000;;;2019/06/13;3;3
;Iwan;Warung;Kuliner;Kp Cihurip RT 01 Rw 11  Pangauban  Batujajar;2017;1;1000000;6000000;087822480548;;2019/06/14;3;3
;Wulan Sari;Baso;Kuliner;Kp Cihurip RT 03 Rw 11 Pangauban  Batujajar;2005;4;1000000;15000000;085316507187;;2019/06/15;3;3
;Euis ;Baso;Kuliner;Kp Cibodas RT 02 Rw 08 Galanggang Batujajar;2010;10;2000000;12000000;085353924002;;2019/06/16;3;3
;Hatchi Takoyaki;hidangan Jepang;Kuliner;Puspa Regency B.178 Batujajar Timur Batujajar;2001;3;5000000;11500000;0812117894069;;2019/06/17;3;3
;Produksi Ranginang;Rangginang;Kuliner;Panca Tengah RT.07/03 Batujajar Barat Batujajar;2005;1;2000000;24000000;;;2019/06/18;3;3
;Dodi Kusniadi;Jual Beli Makanan+Minuman;Kuliner;Cibeber hilir RT.03/02 Giri Asih Batujajar;2010;4;20000000;12000000;085314238201;;2019/06/19;3;3
;Rangginang;Rangginang;Kuliner;Panca Tengah RT.07/03 Batujajar Barat Batujajar;2012;4;3500000;11050000;081809958090;;2019/06/20;3;3
;QQ Cookies;;Kuliner;Kp.Galanggang Galanggang Batujajar;2013;4;2000000;10000000;;;2019/06/21;3;3
;Sari Rasa;Kerupuk (Sari Rasa);Kuliner;Blok Pesantren RT.05/07 Batujajar Timur Batujajar;2005;6;1500000;14000000;081904719670;;2019/06/22;3;3
;GU UYUT;;Kuliner;Jl.Raya Batujajar No.148 Giri Asih Batujajar;2005;4;1500000;10000000;081322142809;;2019/06/23;3;3
;Sakinah;Makanan Ringan;Kuliner;Jl.Selacau RT.01/02 Selacau Batujajar;2003;5;3000000;24000000;085353566963;;2019/06/24;3;3
;BTJ(Batagor Mang Jang);Batagor;Kuliner;Citunjung Batujajar Timur Batujajar;2002;4;5000000;10000000;085316502144;;2019/06/25;3;3
;MMS Barokah;Susu Murni,yoghurt;Kuliner;Kp.Citunjung RT.03/03 Batujajar Timur Batujajar;2001;6;5000000;50000000;;;2019/06/26;3;3
;Warung Sosis Bakar;Sosis Bakar;Kuliner;Kp.Wargasaluyu Giri Asih Batujajar;2014;2;5000000;50000000;;;2019/06/27;3;3
;Fachoco;Coklat;Kuliner;Kp.Hegarmanah 2 Rt.02/Rw.03 Galanggang Batujajar;2012;7;6000000;45000000;;;2019/06/28;3;3
;Cilok Menak Parahyangan;Cilok;Kuliner;Jl.Smp Blok Panatengah Rt.05/Rw.03 Batujajar Barat Batujajar;2008;2;1000000;12000000;;;2019/06/29;3;3
;Kedai Duren Combi;Kuliner;Kuliner;Jl. Raya Batujajar 294 Galanggang Batujajar;2007;3;1000000;12000000;;;2019/06/30;3;3
;Hatchi Takoyaki;Frozen Food;Kuliner;Puri Intan Lestari Blok A3 No.29 RT.01 RW.16 Batujajar Timur Batujajar;1989;5;20000000;70000000;;;2019/07/01;3;3
;kelompok uppks merpati 8;keripik singkong manis pedas;Kuliner;pk.gunung aki rt 02/08 batujajar timur batujajar;2015;5;20000000;65000000;;;2019/07/02;3;3
;warung kecil;makanan ringan;Kuliner;kp.seketando rt 02/17 cangkorah batujajar;2010;12;3500000;50000000;;;2019/07/03;3;3
;bandros;;Kuliner;kp.haur nyondol rt 01/06 cangkorah batujajar;2015;4;2000000;10000000;;;2019/07/04;3;3
;Warung Bandros;bandros;Kuliner;kp.cigintungrt 02/02 cangkorah batujajar;2007;6;1000000;5000000;;;2019/07/05;3;3
;mandiri;makanan;Kuliner;kp.sesekon rt 01/07 cangkorah batujajar;2017;3;1200000;15000000;;;2019/07/06;3;3
;warung kopi ;rujak keliling ;Kuliner;kp.cigintung rt 01/05 cangkorah batujajar ;2003;8;4000000;50000000;;;2019/07/07;3;3
;dagang warung nasi ;makanan ;Kuliner;kp.pangauban rt 05/05 pangauban  batujajar ;1999;6;3000000;32000000;;;2019/07/08;3;3
;jual bubur nasi uduk ;bubur ayam ;Kuliner;kp.haur nyondol rt 01/06 cangkorah batujajar ;2000;8;3500000;30000000;;;2019/07/09;3;3
;warung ;kebutuhan poko ;Kuliner;kp.pangauban rt 01/05 pangauban batujajar;2011;4;3000000;40000000;;;2019/07/10;3;3
;warung sembako ;rumah/warung ;Kuliner;kp.cibodas rt 03/08 pangauban  batujajar ;2011;4;6000000;20000000;;;2019/07/11;3;3
;mandiri;sembako/makanan ringan;Kuliner;kp.haur nyondol rt 01/06 cangkorah batujajar;2016;2;5000000;20000000;;;2019/07/12;3;3
;usaha mandiri;sembako/ makanan anak;Kuliner;kp.haur nyondol rt 01/06 cangkorah batujajar;2000;9;2000000;30000000;;;2019/07/13;3;3
;sosis bakar;bakar;Kuliner;kp.cigintung rt 02/05 cangkorah batujajar;2005;5;2000000;9000000;;;2019/07/14;3;3
;gorengan;tahu pedas, jamur crispy;Kuliner;ci beber hilir rt 02/02 giri-asih batujajar;2014;4;2000000;18500000;;;2019/07/15;3;3
;warung;klontong + seblak ;Kuliner;cibeber rt 02/02 giri asih batujajar;2007;5;5000000;32500000;;;2019/07/16;3;3
;usaha mandiri;lotek dll;Kuliner;kp.cibeber hilir rt 04/02 giri saih batujajar;2010;6;3000000;16000000;;;2019/07/17;3;3
;goreng tahu galing ;tahu galing;Kuliner;kp.cibeber hilir rt 02/03 giri asih  batujajajr ;2012;5;2000000;12500000;;;2019/07/18;3;3
;goreng-goreng edun ;goreng-gorengan ;Kuliner;Kp. Cibeber hilir RT. 04/02  giri asih  batujajar ;2008;7;10000000;90000000;;;2019/07/19;3;3
;gorengan;makanan,minuman,sembako ;Kuliner;kp. Cibeber hilir RT. 03/02 giri asih  batujajar ;2008;9;15000000;180000000;;;2019/07/20;3;3
;warung makan ringan ;makanan ringan;Kuliner;kp. Cibeber hilir RT. 02/02  giri asih  batujajar ;2003;2;2000000;20000000;;;2019/07/21;3;3
;warung jajanan enak / bubur ayam ;makanan ringan/bakso;Kuliner;kp. Cibeber hilir RT. 03/02 giri asih  batujajar ;2012;7;15000000;30000000;;;2019/07/22;3;3
;warung es krim;es krim;Kuliner;kp.cibeber hilir rt 03/02 giri asih batujajar ;2010;6;60000000;6000000;;;2019/07/23;3;3
;warung bakso ;bakso;Kuliner;kp.cibeber hilir rt 04/02 giri asih batujajar ;2001;3;5000000;36000000;;;2019/07/24;3;3
;usaha mandiri;rica;Kuliner;kp.cibeber hilir rt 01/02 giri asih batujajar ;2004;5;5000000;10000000;;;2019/07/25;3;3
;warung makan;lepet naga ;Kuliner;kp.cibeber hilir rt02/02 giri asih batujajar;2011;4;12000000;20000000;;;2019/07/26;3;3
;gorengan ;combro,pisang,gehu ;Kuliner;kp.cibeber hilir rt 02/02 giri asih batujajar ;2012;1;15000000;50000000;;;2019/07/27;3;3
;warung gorengan;makanan ringan;Kuliner;kp.seketando rt 02/17 cangkorah batujajar;2010;6;30000000;6000000;;;2019/07/28;3;3
;warung tambal ban ;jajanan ringan ;Kuliner;kp.sampih manggu rt 02/11 cangkorah batujajar;2007;3;2000000;5000000;085 720 349 820;;2019/07/29;3;3
;warung kopi ;warung kopi;Kuliner;kp.haur nyondol rt 01/06 cangkorah batujajar;2010;6;2500000;5000000;081 224 704 079;;2019/07/30;3;3
;warung makanan ;warung;Kuliner;kp.sekekendel rt 01/07 cangkorah batujajar;2015;1;2000000;25000000;085794413439;;2019/07/31;3;3
;warung;mie baso;Kuliner;kp.cihuriprt 03 /12  pangauban  batujajar ;2002;6;1000000;60000000;085222203870;;2019/08/01;3;3
;warung ;mie baso ;Kuliner;kp.cibogo rt 04/12 pangauban  batujajar ;2006;7;2000000;37000000;082121454414;;2019/08/02;3;3
;dagang ;jualan gorengan ;Kuliner;kp. Neglasari rt. 03/15 galanggan  batujajar ;2017;2;10000000;15000000;085222557127;;2019/08/03;3;3
;bubur ayam keliling ;bubur ayam ;Kuliner;kp. Warung pulos rt. 02/09 galanggang  batujajar ;2005;5;14000000;13000000;;;2019/08/04;3;3
;dagang ;gorengan ;Kuliner;kp. Warung pulus rt. 02/09 galanggan  batujajar ;2012;4;16000000;36000000;;;2019/08/05;3;3
;dagang keliling ;kupat tahu ;Kuliner;kp. Warung pulus rt 02/09 galanggan  batujajar ;2006;3;15500000;65000000;;;2019/08/06;3;3
;awug makanan kue basah ;makanan ringan ;Kuliner;galanggang rt 04/10 galanggang batujajar;2011;2;40000000;65000000;;;2019/08/07;3;3
;membuat kredung dan krifik ;kerudung, kripik ;Kuliner;kp.cibeber hilir  giri asih  batujajar ;2003;2;720000;6000000;;;2019/08/08;3;3
;warung,seblak dan makanan ;jualan seblak dan makanan ringan ;Kuliner;kp.babakan baru rt 02/04 batujajar timur  batujajar ;2016;2;6500000;50000000;;;2019/08/09;3;3
;warung makan;nasi timbel / jenis goreng gorengan ;Kuliner;kp.seketando rt 02/17 cangkorah batujajar ;2010;4;8000000;14400000;;;2019/08/10;3;3
;gorengan / bakwan ;bakwan dll;Kuliner;kp. Cibeber hilir rt. 03/01 giri asih  batujajar;2017;2;7000000;38000000;;;2019/08/11;3;3
;warung ;kering;Kuliner;kp.selacau rt 02 / 04 salacau batujajar ;2005;3;14000000;12000000;081223997236/0281222924486;;2019/08/12;3;3
;warung;keringan ;Kuliner;kp.salacau rt 02 / 078 salacau batujajar ;2001;3;1350000;648000;085225355456;;2019/08/13;3;3
;warung;keringan ;Kuliner;kp.salacau rt 02 / 05 salacau batujajar ;2005;3;25000000;140000000;;;2019/08/14;3;3
;warung;sayuran dan keringan ;Kuliner;kp.selacau rt 02/ 05  salacau batujajar ;2003;3;2000000;9000000;085321107276;;2019/08/15;3;3
;warung sayuran;warung sembako / bubur ayam ;Kuliner;"kp.;haur nyondol rt 02 / 06 cangkorah  batujajar ";2011;2;15000000;144000000;082120748911;;2019/08/16;3;3
;warung ;makanan dan minuman ;Kuliner;kp.cibogo rt 04/12 pangauban  batujajar ;2015;5;700000;280000000;;;2019/08/17;3;3
;warung makanan;makanan ringan ;Kuliner;kp. Citunjung rt. 03/01 galanggang  batujajar;2002;2;700000;36000000;;;2019/08/18;3;3
;warung nasi bu ekis;warung nasi + sembako;Kuliner;jl. Raya citunjung 214 rt. 03/01 galanggang  batujajar ;2001;4;5000000;40000000;085294889306;;2019/08/19;3;3
;batagor;batagor;Kuliner;kp. Citunjung rt. 02/03 batujajar timur  batujajar ;2011;3;3000000;112000000;081220260488;;2019/08/20;3;3
;lukman ;ayam goreng ;Kuliner;kp.cihurip rt 01/11 pangauban  batujajar ;2016;4;2000000;17500000;;;2019/08/21;3;3
;warung nasi ;ayam surundeng ;Kuliner;kp.cibeber hilir rt 01/03 giri asih  batujajar ;2011;2;10000000;36000000;085222778952;;2019/08/22;3;3
;warung kopi ;nasi kuning kopi gorengan ;Kuliner;kp.pengkolan rt 03/17 giri asih  batujajar ;2005;3;15000000;36000000;089662557859;;2019/08/23;3;3
;kerupuk seblak ''efnan'';kerupuk pedas ;Kuliner;kp.seketando rt 01/13 cangkorah  batujajar ;2016;3;2000000;8100000;08993779228;;2019/08/24;3;3
;bandros ;bandros ;Kuliner;kp.citungjung rt 02/03 batujajar timur  batujajar ;2015;4;15000000;6000000;;;2019/08/25;3;3
;pindano ;pindang ;Kuliner;kp.seketando  cangkorah  batujajar ;2013;4;60000000;20000000;;;2019/08/26;3;3
;warbas rina;warung baso dan lotek ;Kuliner;kp.seketando rt 01/02 cangkorah batujajar ;2011;1;5000000;50000000;;;2019/08/27;3;3
;kumetap ;mie ayam ;Kuliner;kp. Cipangulaan rt. 01/06 giri asih  batujajar ;2008;2;5000000;50000000;;;2019/08/28;3;3
;batagor keliling;batagor keliling dan batagor di sekolah  ;Kuliner;kp. Sekeloa rt. 03/09 cangkorah  batujajar ;2007;1;12000000;6000000;081315764695;;2019/08/29;3;3
;sop buah, ayam didi;sop buah/ mie ayam, nasi kuning, gorengan ;Kuliner;kp. Citunjung rt. 02/03 batujajar timur batujajar ;2008;4;15000000;8000000;;;2019/08/30;3;3
;warung ecin seger makmur ;masakan sembako gorengan ;Kuliner;kp.seke bangbara rt 01/ 12 cangkorah  batujajar ;2012;3;30000000;60000000;085814164581;;2019/08/31;3;3
;nasi koneng / gorengan ;nasi kuning kopi gorengan ;Kuliner;kp.citunjung rt 02/03 batujajar timur  batujajar ;2013;4;2000000;37000000;;;2019/09/01;3;3
;kupat tahu ;kupat tahu ;Kuliner;kp .ci tunjung rt 02/03 batujajar timur batujajar ;2008;5;2500000;15000000;;;2019/09/02;3;3
;rujak seger ;rujak  ;Kuliner;kp.citunjung rt 02/03 batujajar timur  batujajar ;2007;7;2000000;13000000;081809643846;;2019/09/03;3;3
;;masakan  ;Kuliner;gang mesjit rt 01/05 galanggang batujajar ;2008;5;1000000;15000000;087825278531;;2019/09/04;3;3
;cilok nenak parahiangan ;Cilok;Kuliner;jl smp panca tengah rt 05/03 batujajar barat  batujajar ;2004;2;2000000;50000000;081809740525;;2019/09/05;3;3
;samset multi indo ;catering ;Kuliner;kp. Andir rt.08/02 gadobangkong  batujajar ;2007;4;10000000;32000000;082216627930;;2019/09/06;3;3
;kelompok usaha ;baso ;Kuliner;kp. Sasak besi  gadobangkong  batujajar ;2003;3;14000000;30000000;085321805035;;2019/09/07;3;3
;amco mandiri pratama ;susu kedelai ;Kuliner;jl. Raya gadobangkong no.160 rt. 03/04  gadobangkong  batujajar ;2004;8;16000000;40000000;083816546453;;2019/09/08;3;3
;cahaya obor prakasa ;kerupuk ;Kuliner;jl. Raya gadobangkong no. 80  gadobangkong  batujajar ;2012;3;15500000;20000000;081314959249 / 089501132590;;2019/09/09;3;3
;glisendo mandiri;susu kedelai ;Kuliner;jl. Raya gadobangkong  no160 rt03/04 gadobangkong  batujajar ;2008;6;18000000;32500000;;;2019/09/10;3;3
;triteguh manunggal abadi ;kembang gula ;Kuliner;jl. Raya gadobangkong no. 66 A gadobangkong  batujajar ;2013;3;10000000;12000000;;;2019/09/11;3;3
;NS Sehati ;sistik daun bawang,pangsit daun jeruk,tempe pedas ;Kuliner;Kp. Grimulya rt 02/09  selacau  batujajar ;2012;5;10000000;30000000;082115026254;;2019/09/12;3;3
;KERUPUK SEBLAK SPESIAL;Pedagang Jamu;Kuliner;DEDE OMAN KP CIBEBER HILIR RT 01 RW 16 DESA GIRI ASIH KEC BATUJAJAR  Giriasih batujajar ;2014;3;2500000;6000000;082115026254;;2019/09/13;3;3
;Jamu;Pedagang Bakso;Kuliner;Blok Jambu 02/02 Galanggang batujajar ;2005;7;23700000;36000000;082115026254;;2019/09/14;3;3
;Jamu Keliling;Pedagang Bacang;Kuliner;Babakan Sari Batujajar Barat batujajar ;2010;2;2000000;10000000;082115026254;;2019/09/15;3;3
;Toko Jamu;Pedagang Jamu;Kuliner;Blok jamu Galanggang batujajar ;2002;4;16000000;20000000;082115026254;;2019/09/16;3;3
;Bakso;Pedagang Jamu;Kuliner;Blok Jamu 02/02 Galanggang batujajar ;2008;3;17000000;30000000;082115026254;;2019/09/17;3;3
;Bacang;Pedagang Jamu;Kuliner;Blok Jamu Galanggang batujajar ;2003;3;3000000;6000000;082115026254;;2019/09/18;3;3
;Toko Jamu;Pedagang Jamu;Kuliner;Blok Jamu 04/02 Galanggang batujajar ;2014;2;24000000;36000000;082115026254;;2019/09/19;3;3
;Jamu Keliling;Pedagang Bakso;Kuliner;Blok Jamu 02/02 Galanggang batujajar ;2005;4;9000000;10000000;082115026254;;2019/09/20;3;3
;Pisang Sale;Pisang sale;Kuliner;Panca Tengah 05/03 Batujajar Barat batujajar ;2012;2;1000000;5000000;082115026254;;2019/09/21;3;3
;Kerupuk;kerupuk;Kuliner;Blok Pesantren Batujajar Barat batujajar ;2005;2;500000;3000000;082115026254;;2019/09/22;3;3
;NS SEHATI;kue kering/ kripik;Kuliner;kp.girimulya rt.002/009 selacau batujajar ;2009;4;35000000;58000000;082115026254;;2019/09/23;3;3
;DAPUR NUERMA;Keripik Cireng Gepeng;Kuliner;Kp.Sinar Mukti Rt.03 Rw.01  selacau batujajar ;2010;2;30000000;180000000;082115026254;;2019/09/24;3;3
;Sembako;Perdagangan Sembako;perdagangan;Blok Babakan Sari Rt 01 Rw 06 Batujajar Barat Batujajar;2007;1;15000000;180000000;02291814992;;2019/09/25;3;3
;Lilis Sumarti;Perdagangan Sembako;perdagangan;Kp. Warung Pulus Rt.002 Rw.009 Galanggang  Batujajar;2008;2;2000000;20000000;081910237052;;2019/09/26;3;3
;Nina Rohayani;Perdagangan Sembako;perdagangan;Blok Warung Pulus Rt.002 Rw.014 Batujajar Barat Batujajar;2012;4;15000000;30000000;081321119762;;2019/09/27;3;3
;Ny. Iroh;Perdagangan Sembako;perdagangan;Kp. Neglasari Rt. 04 Rw. 15  Galanggang Batujajar;2013;5;60000000;6000000;087821877822;;2019/09/28;3;3
;Kelompok UMKM Giri Asih;Perdagangan Sembako;perdagangan;Kp. Cibeber hilir RT. 01/16  Giri Asih Batujajar;2008;5;5000000;36000000;;;2019/09/29;3;3
;Iman Sipasi;Perdagangan Sembako;perdagangan;Kp. Jalantik Ds. Selatan Rt 02 Rw 13 Giri Asih Batujajar;2012;4;5000000;10000000;081322754128;;2019/09/30;3;3
;Lestari;Perdagangan Sembako;perdagangan;Kp.Resmi Galih RT 01/RW 02 Batujajar Timur Batujajar;2008;2;12000000;20000000;081322106771;;2019/10/01;3;3
;Family;Perdagangan Sembako;perdagangan;Jl.Raya Batujajar Kp.sinar mukti RT 02/RW 01 Selacau Batujajar;2016;2;15000000;50000000;081224460234;;2019/10/02;3;3
;Dewi;Perdagangan Sembako;perdagangan;Jl.Batujajar Blok Suka Maju RW 11 Batujajar Barat Batujajar;2012;3;1000000;43000000;087722775372;;2019/10/03;3;3
;MANDIRI;Perdagangan Sembako;perdagangan;Jl.Batujajar Kp. Resmigalih RT 01/RW 02 Batujajar Timur Batujajar;2017;5;500000;11000000;081809561046;;2019/10/04;3;3
;Kenari;Perdagangan Sembako;perdagangan;Jl.Batujajar Kp.Cibeber Hilir RT 01/RW 01 Giri Asih Batujajar;2008;10;5000000;12000000;085956505228;;2019/10/05;3;3
;Jembar Manah;Perdagangan Sembako;perdagangan; Pangauban Batujajar;2012;6;6000000;300000000;;;2019/10/06;3;3
;Mitra Nurani;Perdagangan Sembako;perdagangan;Kp.Jalantir RT 01/RW 14 Selacau Batujajar;2010;4;500000;168000000;;;2019/10/07;3;3
;Kancing Jeans Babakan Pari;Perdagangan Sembako;perdagangan;Kp. Babakan Pari RT 03/ RW 04 Batujajar Timur Batujajar;2005;4;5,000,000;648000000;;;2019/10/08;3;3
;Warung Sembako Apung;Perdagangan Sembako;perdagangan;Kp. Galanggang RT 01/ RW 19 Galanggang Batujajar;2008;3;2000000;15000000;;;2019/10/09;3;3
;Sugriwa ;Perdagangan Sembako;perdagangan;Kp. Blok Jambu RT 01/RW 02 Galanggang Batujajar;2009;8;2000000;13000000;;;2019/10/10;3;3
;Warung Sembako Rifa;Perdagangan Sembako;perdagangan; Batujajar Batujajar;2013;2;2000000;50000000;081910422181;;2019/10/11;3;3
;Kelompok Lisana Pedagang Kaki Lima;Perdagangan Sembako;perdagangan;Kp. Selacau RT 01/ RW 06 Selacau Batujajar;2015;3;10000000;15000000;;;2019/10/12;3;3
;Karsa Sembako;Sembako;perdagangan;Cibeber hilir RW. 02 Giri Asih Batujajar;2016;2;1000000;15000000;;;2019/10/13;3;3
;Toko Makmur Yayat;Sembako;perdagangan;Cibeber hilir RW. 16  Giri Asih Batujajar;2015;2;1000000;8000000;;;2019/10/14;3;3
;Sembako Kokom;Sembako;perdagangan;Cibeber hilir RW.16 Giri Asih Batujajar;2016;3;1000000;20000000;;;2019/10/15;3;3
;Sembako;Sembako;perdagangan;Cibeber hilir RW. 04 Giri Asih Batujajar;2012;5;2000000;720000000;;;2019/10/16;3;3
;Sembako;Sembako;perdagangan;Cibeber hilir RW. 16 Giri Asih Batujajar;2007;3;25000000;18000000;;;2019/10/17;3;3
;Sembako;Sembako;perdagangan;Cibeber hilir RW. 03 Giri Asih Batujajar;2017;3;25000000;12000000;;;2019/10/18;3;3
;Sembako;Sembako;perdagangan;Cibeber hilir RW. 16 Giri Asih Batujajar;2005;3;1500000;120000000;;;2019/10/19;3;3
;Sembako;Sembako;perdagangan;Cibeber hilir RW. 16 Giri Asih Batujajar;2016;3;25000000;48000000;;;2019/10/20;3;3
;Pakan Burung;Parab Manuk / alat Manuk;perdagangan;Cibeber hilir Rw. 16 Giri Asih Batujajar;2014;3;7000000;72000000;;;2019/10/21;3;3
;Warung Nasi;Warung Nasi;perdagangan;Cibeber hilir RW. 16 Giri Asih Batujajar;2006;4;6000000;36000000;;;2019/10/22;3;3
;Wawan Triana;Warung;perdagangan;Kp Cihurip RT 03 Rw 11  Pangauban  Batujajar;2018;2;4000000;15000000;;;2019/10/23;3;3
;Imas;Warung;perdagangan;Kp Cihurip RT 02 Rw 11  Pangauban  Batujajar;2012;2;2000000;54000000;;;2019/10/24;3;3
;Iis Rismawati;Masakan;perdagangan;Kp Pajajaran RT 01 RW 04  Galanggang  Batujajar;2002;2;1000000;26000000;;;2019/10/25;3;3
;Nurhayati;Warung;perdagangan;Kp Pajajaran RT 01 Rw 04   Galanggang  Batujajar;2010;3;15000000;108000000;;;2019/10/26;3;3
;Nia Kurniasih;Warung;perdagangan;KP Pajajaran RT 01 Rw 04   Galanggang  Batujajar;2010;3;1000000;8400000;;;2019/10/27;3;3
;Rokanah;Warung;perdagangan;Kp Banuraja RT 03 Rw 09 Pangauban  Batujajar;2017;5;600000;36000000;;;2019/10/28;3;3
;Kokom;Warung;perdagangan;KP Cihurip RT 02 Rw 11  Pangauban  Batujajar;2010;3;28000000;90000000;;;2019/10/29;3;3
;Lilis;Beras;perdagangan;Kp Cihurip RT 02 Rw 11  Pangauban  Batujajar;2012;3;3300000;14400000;;;2019/10/30;3;3
;Yuni Rostini;Warung;perdagangan;Kp Cihurip RT 04 Rw 11  Pangauban  Batujajar;2005;5;2800000;16800000;;;2019/10/31;3;3
;Intan S;Warung;perdagangan;Kp Cihurip RT 01 Rw 11  Pangauban  Batujajar;2002;3;25000000;100000000;;;2019/11/01;3;3
;Asep Setiawan;Warung;perdagangan;Kp Cihurip RT 02 Rw 11  Pangauban  Batujajar;2000;1;8000000;90000000;;;2019/11/02;3;3
;Junaedi;Warung;perdagangan;Kp Cihurip RT 02 Rw 11  Pangauban  Batujajar;2006;1;3000000;28200000;;;2019/11/03;3;3
;Euis Suhartini;Warung;perdagangan;Kp Cihurip RT 01 Rw 11  Pangauban  Batujajar;2011;4;6000000;54000000;;;2019/11/04;3;3
;Wiwin Hayat;Warung;perdagangan;Kp Cihurip RT 02 Rw 11  Pangauban  Batujajar;1985;1;3000000;28800000;;;2019/11/05;3;3
;Yati Sukaesih;Warung;perdagangan;Kp Cihurip RT 03 Rw 11  Pangauban  Batujajar;1995;2;400000;12000000;;;2019/11/06;3;3
;Andi Faisal;Warung;perdagangan;Kp Pangauban RT 03 Rw 05  Pangauban  Batujajar;1985;3;7000000;48000000;;;2019/11/07;3;3
;Tini Suhartini;Warung;perdagangan;Kp Pajajaran RT 01 Rw 02 Galanggang   Batujajar;2003;3;2000000;10000000;;;2019/11/08;3;3
;Suganda;Warung;perdagangan;Kp Cihurip RT 03 Rw 12  Pangauban  Batujajar;1987;2;10000000;10000000;;;2019/11/09;3;3
;Onih;Sembako;perdagangan;Kp Cibogo RT 04 Rw 12  Pangauban  Batujajar;1985;1;20000000;12000000;;;2019/11/10;3;3
;Wati;Sembako;perdagangan;Kp Cibogo RT 04 Rw 12  Pangauban  Batujajar;2015;2;20000000;12000000;;;2019/11/11;3;3
;Piah;Sembako;perdagangan;Kp Cibogo RT 04 Rw 12  Pangauban  Batujajar;2010;3;1500000;12000000;;;2019/11/12;3;3
;Iim;Sembako;perdagangan;Kp Cibogo RT 04 Rw 12  Pangauban  Batujajar;2007;4;1000000;10000000;;;2019/11/13;3;3
;Eros ;Sembako;perdagangan;Kp Cibogo RT 04 Rw 12  Pangauban  Batujajar;2001;1;1200000;15000000;;;2019/11/14;3;3
;Ira;Sembako;perdagangan;Kp Cibogo RT 04 Rw 12  Pangauban  Batujajar;2015;3;4000000;24000000;;;2019/11/15;3;3
;Eem;Sembako;perdagangan;Kp Cibogo RT 04 Rw 12  Pangauban  Batujajar;2014;4;3000000;15000000;;;2019/11/16;3;3
;Holisoh;Sembako;perdagangan;Kp Cihurip RT 02 Rw 12  Pangauban  Batujajar;2012;4;3500000;11000000;;;2019/11/17;3;3
;Hodijah;Sembako;perdagangan;Kp Cihurip RT 02 Rw 12 Pangauban  Batujajar;2008;3;3000000;15000000;;;2019/11/18;3;3
;Suganda;Sembako;perdagangan;Kp Cihurip RT 02 Rw 12  Pangauban  Batujajar;2007;4;6000000;20000000;;;2019/11/19;3;3
;Ai Yanyan;Sembako;perdagangan;Kp Cihurip RT 02 rw 12 Pangauban  Batujajar;1989;2;5000000;20000000;;;2019/11/20;3;3
;Solihah ;Sembako;perdagangan;Kp Cihurip RT 02 Rw 12  Pangauban  Batujajar;2005;5;2000000;15000000;;;2019/11/21;3;3
;Usen ;Sembako;perdagangan;Kp Cihurip RT 04 Rw 11  Pangauban  Batujajar;2016;5;2000000;10000000;;;2019/11/22;3;3
;Ai;Sembako;perdagangan;Kp Banuraja RT 03 Rw 09  Pangauban  Batujajar;2015;2;2000000;16000000;;;2019/11/23;3;3
;Suheli;Sembako;perdagangan;Kp Banuraja RT 03 Rw 09  Pangauban  Batujajar;2013;4;10000000;12500000;;;2019/11/24;3;3
;Ai Sukaesin;Sembako;perdagangan;Kp Banuraja RT 03 Rw 09  Pangauban  Batujajar;2011;1;1000000;12000000;;;2019/11/25;3;3
;Sadili;Sembako;perdagangan;Kp Banuraja RT 03 Rw 09  Pangauban  Batujajar;2008;1;1000000;6000000;;;2019/11/26;3;3
;Fatimah;Sembako;perdagangan;Kp Banuraja RT 02 Rw 09  Pangauban  Batujajar;2007;3;1000000;15000000;;;2019/11/27;3;3
;Iyat;Sembako;perdagangan;Kp Banuraja RT 02 Rw 09  Pangauban  Batujajar;2008;1;2000000;12000000;;;2019/11/28;3;3
;Fardi;Sembako ;perdagangan;Kp Banuraja RT 02 Rw 09  Pangauban  Batujajar;2012;3;25000000;21000000;;;2019/11/29;3;3
;usep;Sembako;perdagangan;Kp Banuraja RT 01 Rw 09  Pangauban  Batujajar;2013;3;25000000;20000000;;;2019/11/30;3;3
;Ayep;Sembako;perdagangan;Kp Banuraja RT 02 Rw 09  Pangauban  Batujajar;2008;4;1500000;10000000;;;2019/12/01;3;3
;Iri;Sembako;perdagangan;Kp Banuraja RT 02 Rw 09  Pangauban  Batujajar;2012;3;6000000;12000000;;;2019/12/02;3;3
;Lilis;Sembako;perdagangan;Kp Banusari RT 01 Rw 10  Pangauban  Batujajar;2008;2;1500000;12000000;;;2019/12/03;3;3
;Kokom;warung;perdagangan;Kp Banusari RT 02 Rw 10 Pangauban  Batujajar;2016;2;10000000;10000000;;;2019/12/04;3;3
;Tini;Warung;perdagangan;Kp Banuraja RT 01 Rw 09  Pangauban  Batujajar;2012;2;30000000;10000000;;;2019/12/05;3;3
;Rina;Warung;perdagangan;Kp Banusari RT 03 Rw 09  Pangauban  Batujajar;2017;5;2000000;10000000;;;2019/12/06;3;3
;Mimin;Warung;perdagangan;Kp Banusari RT 05 Rw 10  Pangauban  Batujajar;2008;4;2500000;15000000;;;2019/12/07;3;3
;Engkoy;Warung;perdagangan;Kp banusari RT 05 Rw 10 Pangauban  Batujajar;2012;6;2000000;11500000;;;2019/12/08;3;3
;Yuli;Warung;perdagangan;Kp Banusari RT 02 Rw 10  Pangauban  Batujajar;2010;3;1000000;10000000;;;2019/12/09;3;3
;Yuyun;Warung;perdagangan;Kp Banusari RT 04 Rw 10 Pangauban  Batujajar;2005;1;2000000;10000000;;;2019/12/10;3;3
;Ani;Warung;perdagangan;Kp Banusari RT 01 Rw 10  Pangauban  Batujajar;2008;4;10000000;10000000;;;2019/12/11;3;3
;Enur;Warung;perdagangan;Kp Banusari RT 01 Rw 13 Pangauban  Batujajar;2009;3;20000000;12000000;;;2019/12/12;3;3
;ratna;Warung;perdagangan;Kp Banusari RT 01 Rw 13  Pangauban  Batujajar;2010;3;20000000;12000000;;;2019/12/13;3;3
;Sari;Warung;perdagangan;Kp Banusari RT 01 Rw 13  Pangauban  Batujajar;2015;5;1500000;12000000;;;2019/12/14;3;3
;Agus ;Warung;perdagangan;Kp Banusari RT 04 Rw 10  Pangauban  Batujajar;2002;2;1000000;10000000;;;2019/12/15;3;3
;Lilis;Warung;perdagangan;Kp Cihurip RT 01 Rw 11  Pangauban  Batujajar;2006;2;1200000;15000000;;;2019/12/16;3;3
;Yakop;Warung;perdagangan;Kp Cihurip RT 01 Rw 11  Pangauban  Batujajar;2017;2;4000000;24000000;;;2019/12/17;3;3
;Suryati;Warung;perdagangan;Kp Cihurip RT 01 Rw 11  Pangauban  Batujajar;2005;4;3000000;15000000;;;2019/12/18;3;3
;Rida ;Warung;perdagangan;Kp Cihurip RT 01 Rw 11  Pangauban  Batujajar;2012;2;3500000;11000000;;;2019/12/19;3;3
;Dudu;Warung;perdagangan;Kp Cihurip RT 03 Rw 11  Pangauban  Batujajar;2006;3;3000000;15000000;;;2019/12/20;3;3
;Andi;Warung;perdagangan;Kp Cihurip RT 03 Rw 11  Pangauban  Batujajar;2011;3;6000000;20000000;;;2019/12/21;3;3
;Imas;Dagang;perdagangan;Kp Cihurip RT 02/11  Pangauban  Batujajar;2003;3;5000000;20000000;;;2019/12/22;3;3
;Wawan Triana;Dagang;perdagangan;Kp Cihurip RT 03/11  Pangauban  Batujajar;2016;3;2000000;15000000;;;2019/12/23;3;3
;Aisah;Dagang;perdagangan;Kp Cihurip RT 02/11 Pangauban  Batujajar;2010;2;2000000;10000000;;;2019/12/24;3;3
;Ika kartika ;Dagang;perdagangan;Kp Cihurip RT 02/11 Pangauban  Batujajar;2017;5;2000000;16000000;;;2019/12/25;3;3
;Rokanah;Dagang;perdagangan;Kp Cihurip RT 03/09 Pangauban  Batujajar;2005;2;10000000;12500000;;;2019/12/26;3;3
;Yoyoh;Dagang;perdagangan;Kp Cihurip RT 02/11 Pangauban  Batujajar;2001;4;1000000;12000000;;;2019/12/27;3;3
;Wiwin Hayati;Dagang;perdagangan;Kp Cihurip RT 02/11  Pangauban  Batujajar;2005;3;1000000;6000000;;;2019/12/28;3;3
;Asep Setiawan;Dagang;perdagangan;Kp Cihurip RT 02/11  Pangauban  Batujajar;2003;4;1000000;15000000;;;2019/12/29;3;3
;Yuni Rostini;Dagang;perdagangan;Kp Cihurip RT 04/11  Pangauban  Batujajar;2011;2;2000000;12000000;;;2019/12/30;3;3
;Lilis ;Dagang ;perdagangan;Kp Cihurip RT 02/11  Pangauban  Batujajar;2015;3;5000000;11500000;;;2019/12/31;3;3
;Junaedi;Dagang;perdagangan;Kp Cihurip RT 01/11 Pangauban  Batujajar;2002;3;2000000;24000000;;;2020/01/01;3;3
;Intan S ;Dagang;perdagangan;Kp Cihurip RT 01/11  Pangauban  Batujajar;2001;4;20000000;12000000;;;2020/01/02;3;3
;Nur Hayati;Dagang ;perdagangan;Kp Pajajaran RT 01/04   Galanggang  Batujajar;2011;4;3500000;11050000;;;2020/01/03;3;3
;Nia Kurniasih ;Dagang;perdagangan;Kp Pajajaran RT 01/04   Galanggang  Batujajar;2016;1;2000000;10000000;;;2020/01/04;3;3
;Kokom;Dagang;perdagangan;Kp Pajajaran RT 02/11   Galanggang  Batujajar;2011;2;1500000;14000000;;;2020/01/05;3;3
;;Sembako;perdagangan;Cibeber hilir RW. 16 Giri Asih Batujajar;2003;1;1500000;10000000;;;2020/01/06;3;3
;Kel. Pemuda Mandiri;Warung  ;perdagangan;Kp. Selacau RT.01/08 Selacau Batujajar ;2016;4;3000000;24000000;;;2020/01/07;3;3
;Selacau Mandiri;Warung  ;perdagangan;Jl.Selacau Kp.Selacau RT 02 RW 05 Selacau Batujajar;2010;1;5000000;10000000;;;2020/01/08;3;3
;Eka Karya Mandiri;Warung  ;perdagangan;Kp.Resmigalih RT 02 RW 02 Batujajar Timur Batujajar;2017;2;5000000;50000000;;;2020/01/09;3;3
;Panca Tengah;Warung  ;perdagangan;Jl.Blok Panca Tengah RT 04 RW 03 Batujajar Barat Batujajar;2005;1;5000000;50000000;;;2020/01/10;3;3
;Sauyunan;Warung  ;perdagangan;Kp.Selacau RT 02 RW 08 Batujajar Batujajar;2001;4;6000000;45000000;;;2020/01/11;3;3
;Warung Al Barokah;sembako;perdagangan;Blok Ranca RT 04 RW 02 Batujajar Barat Batujajar;2005;3;1000000;12000000;01000;;2020/01/12;3;3
;Sanggar Burung Arumba;sembako;perdagangan;Kp.Gang Panca Tengah RT 07 RW 03 Batujajar Barat Batujajar;2003;4;1000000;12000000;;;2020/01/13;3;3
;Capucino Cincau;sembako;perdagangan;Kp.Sirnamukti RT 02 RW 04 Selacau Batujajar;2011;5;20000000;70000000;;;2020/01/14;3;3
;Sadulur;sembako;perdagangan;Kp.Resmigalih RT 02 RW 02 Batujajar Timur Batujajar;2015;7;20000000;65000000;;;2020/01/15;3;3
;Bintang Perubahan;Toko minmarket;perdagangan;Kp.Cibeber RT 01 RW 02 Giriasih Batujajar;2002;5;3500000;50000000;;;2020/01/16;3;3
;warung;sembako;perdagangan;kp.cibogo rt 04/12 pangauban batujajar;2001;2;2000000;10000000;;;2020/01/17;3;3
;kelontonagn;roko,kopi,jajanan;perdagangan;Kp.Sukasari    RT 02 RW 16 galanggang batujajar;2011;4;1000000;5000000;085315422981;;2020/01/18;3;3
;berkah;sembako m. ringan;perdagangan;kp.cigintungrt 02/05 cangkorah batujajar;2016;4;1200000;15000000;;;2020/01/19;3;3
;Toko Kelontong;sembako m. ringan;perdagangan;kp.haur nyondol rt 01/06  ;2010;3;4000000;50000000;;;2020/01/20;3;3
;Toko Kelontong;sembako m ringan;perdagangan;kp.haur nyondol rt 01/06 cangkorah batujajar;2012;4;3000000;32000000;;;2020/01/21;3;3
;pengecer gas 3kg 5,5 kg ;gas 3 kg, 5,5 kg;perdagangan;Kp.Cibeber RT 02 RW 02 giri asih batujajar;2001;5;3500000;30000000;087722434432;;2020/01/22;3;3
;waroeng reisya;warung kelontong;perdagangan;kp.cibeber. Hilir rt 02/02 giri asih batujajar;2011;4;3000000;40000000;087823291933;;2020/01/23;3;3
;warung;warung kelontong;perdagangan;kp.cibeber hilir rt 01/02 giri asih batujajar ;2016;2;6000000;20000000;;;2020/01/24;3;3
;warung sembako;warung sembako;perdagangan;kp.cibeber hilir rt 01/02 giri asih batujajar ;2010;6;5000000;20000000;0856592916969;;2020/01/25;3;3
;warung seblak;Seblak;perdagangan;kp.cibeber hilir rt.01/02 giri asih batujajar ;2007;4;2000000;30000000;;;2020/01/26;3;3
;warung bu siti sa'adah ;kebutuhan sehari-hari (sembako);perdagangan;kp.cibeber hilir rt 02/02 giri asih  batujajar ;2006;3;2000000;9000000;085315134997;;2020/01/27;3;3
;warung;jualan sembako;perdagangan;kp.cibeber hilir rt 01/02 giri asih batujajar ;2016;5;2000000;18500000;081214783074;;2020/01/28;3;3
;warung kopi ibu siti ;warung kopi;perdagangan;kp.cibeber hilir rt 02/02 giri asih batujajar ;2007;4;2000000;5000000;082218249793;;2020/01/29;3;3
;warung sembako;Sembako;perdagangan;kp.cibeber hilir rt 03/02 giri asih batujajar;2006;5;10.000.00;52000000;089625094021;;2020/01/30;3;3
;basreng;basreng,krupuk guriliem;perdagangan;kp.cibeber hilir rt 02/02 giri asih batujajar ;2006;4;720000;6000000;;;2020/01/31;3;3
;warung nasi ;warung nasi ;perdagangan;kp.cibeber hilir rt 02/02 giri asih  batujajar ;2001;8;6500000;50000000;085220812690;;2020/02/01;3;3
;dagang warung nasi ;warung nasi;perdagangan;kp.cibeber hilir rt 01/02 giri asih batujajar ;2010;7;8000000;14400000;081221188044;;2020/02/02;3;3
;warung kopi  ;makanan dan kopi;perdagangan;kp.cibeber hilir rt 01/02 giri asih batujajar ;2012;7;7000000;38000000;;;2020/02/03;3;3
;warung nasi ;makanan;perdagangan;kp.cibeber hilir rt 02/02 giri asih batujajar ;2005;10;14000000;12000000;081214264935;;2020/02/04;3;3
;toko sembako;sembako;perdagangan;kp.cibeber hilir rt 03/02 giri asih batujajar;2007;3;1350000;648000;;;2020/02/05;3;3
;Toko Wida;warung;perdagangan;kp.sekekendel rt 01/07 cangkorah batujajar;2006;6;25000000;140000000;082115395318;;2020/02/06;3;3
;warung;makanan & pakan ayam ;perdagangan;kp.cihurip rt 01/11 panguban  batujajar ;2011;7;2000000;9000000;;;2020/02/07;3;3
;warung;sembako;perdagangan;kp.cihurip rt 01/12 pangauban  batujajar ;2007;3;15000000;144000000;;;2020/02/08;3;3
;warung ;makanan ;perdagangan;kp.cihurip rt 01/11 pangauban  batujajar ;2012;5;700000;280000000;;;2020/02/09;3;3
;warung;makanan ;perdagangan;kp.babakan baru rt 03/12 pangauban  batujajajr ;2016;2;700000;36000000;;;2020/02/10;3;3
;warung ;makanan ;perdagangan;kp.babakan baru rt 03/12 pangauban  batujajar ;2010;3;5000000;40000000;;;2020/02/11;3;3
;warung;sembako;perdagangan;kp.babakan baru rt 03/12 pangauban batujajar;2003;8;3000000;112000000;;;2020/02/12;3;3
;dagang  ;tempe,tahu;perdagangan;Kp.Dungus Purna RT 02/10 Desa  pangauban  batujajar ;2010;5;2000000;17500000;082129551462;;2020/02/13;3;3
;Toko Tahu;jualan eceran BBM 9bensin 2 tak);perdagangan;jln desa galanggan no 19 rt. 02/09 galanggan  batujajar ;2012;8;10000000;36000000;0895600874494;;2020/02/14;3;3
;warung ;sembako ;perdagangan;Kp. Dunguspurna rt. 04/10 galanggan  batujajar ;2015;3;15000000;36000000;081394460216;;2020/02/15;3;3
;warung ;sembako ;perdagangan;kp. Warung pulus rt. 02/09 galanggan  batujajar ;2009;8;2000000;8100000;087821695461;;2020/02/16;3;3
;jualan el'piji / gas 3 kg ;jualan ;perdagangan;kp.cibeber hilir rt 03  rw 02 giri asih  batujajar;2012;4;15000000;6000000;081214705246;;2020/02/17;3;3
;dumar;warung kelontong (warkop);perdagangan;jl.raya batujajar rt 02/02 giri asih  batujajar ;2007;4;60000000;20000000;089621424423;;2020/02/18;3;3
;Warung Makan;nasi / kopi;perdagangan;kp.seketando rt 02/17 cangkorah  batujajar ;2015;3;5000000;50000000;089669363120;;2020/02/19;3;3
;Warung Makan;warkop jajanan anak;perdagangan;kp.seketando rt 02 / 17  cangkorah  batujajar ;2010;4;5000000;50000000;089644023083;;2020/02/20;3;3
;warung ;keringan ;perdagangan;kp. Selacau rt 02 / 05  selacau  batujajar ;2007;4;12000000;6000000;081809003837;;2020/02/21;3;3
;Gorengan;warung ;perdagangan;kp.seke kendal  cangkorah  batujajar ;2017;3;15000000;8000000;08562204625;;2020/02/22;3;3
;Pedagang Ulen Ketan Keliling;pedagang ulen ketan ;perdagangan;kp. Cigintung rt 02 / 02 cangkorah  batujajar ;2005;5;5000000;36000000;;;2020/02/23;3;3
;warung saluyu;warung kelontong dan makanan ;perdagangan;kp.citra bapang rt 02/09 giri asih batujajar ;2010;7;4000000;15000000;08955601048707;;2020/02/24;3;3
;warung makan;warung sayuran dan makanan ;perdagangan;kp.cimanglid rt 02/15 cangkorah  batujajar ;2001;8;3000000;50000000;;;2020/02/25;3;3
;warung ;sembako ;perdagangan;kp.cibogo rt 04/12 pangauban  batujajar ;2005;7;3500000;32000000;;;2020/02/26;3;3
;warung semabako hegarwangi ;sembako ;perdagangan;kp. Hegarwangi rt. 01/17 galanggan  batujajar ;2010;2;3000000;30000000;081910505629;;2020/02/27;3;3
;warung makan;makanan nasi dan lauk pauk;perdagangan;kp. Ciyunjung rt. 01/01 galanggang batujajar ;2012;8;6000000;40000000;085795466799;;2020/02/28;3;3
;warung ke lontongan ;kelontongan ;perdagangan;kp. Pasi paku rt. 02/10 giri asih  batujajar ;2013;3;5000000;20000000;085795317094;;2020/02/29;3;3
;warung kelontong;warung ;perdagangan;kp. Seketando rt 01/13 cangkorah  batujajar ;2005;2;2000000;16000000;;;2020/03/01;3;3
;hegarmanah ;sembako;perdagangan;kp. Gunung leutik rt. 01/12 batujajar timur  batujajar ;2005;4;1500000;12500000;081802138377;;2020/03/02;3;3
;konter pulsa dan kelontongan ;pulsa dan kelontongan ;perdagangan;kp. Cibeber hilir rt. 03/01 giri asih  batujajar ;2003;3;20000000;90000000;085624514510;;2020/03/03;3;3
;warung nsi hegar ;nasi-minuman dll;perdagangan;kp. Cibeber hilir 01/16 giri asih  batujajar ;2002;5;12000000;43000000;085287456835;;2020/03/04;3;3
;isi ulang air minum ;air minum ;perdagangan;kp. Cibeber hilir rt. 03/03 giri asih  batujajar ;2001;5;16000000;11000000;085624586660;;2020/03/05;3;3
;putra jaya ;alat-alat rumah tangga  ;perdagangan;kp. Dunguspurna rt. 01/08  galnggang  batujajar ;2014;8;30000000;12000000;085210348820;;2020/03/06;3;3
;JUN;isi ulang galon dan gas ;perdagangan;kp. Cicangkuang rt. 04/08 giri asih  batujajar ;2012;7;50000000;300000000;085624462265;;2020/03/07;3;3
;warung nasi giri asih ;aneka makanan dan minuman ;perdagangan;kp. Neglasri rt.03/03 giri asih  batujajar ;2008;8;100000000;168000000;085220755939;;2020/03/08;3;3
;warung kelontong;warung klontongan ;perdagangan;kp. Cimanglid rt. 02/15  cangkorah  batujajar ;2007;7;15000000;648000000;;;2020/03/09;3;3
;pusaka cellular;jula pulsa;perdagangan;kp.pengkolan rt 01-07 giri asih batujajar ;1989;2;50000000;2,59E+11;085317886789;;2020/03/10;3;3
;warung;sembako ;perdagangan;kp.cibogo rt 04/12 pangauban  batujajar ;2015;9;2000000;360000000;;;2020/03/11;3;3
;warung;sembako;perdagangan;kp.cibogo rt 04/12 pangauban  batujajar ;2010;7;1000000;15000000;;;2020/03/12;3;3
;warung ;sembako;perdagangan;kp.cihurip rt 02 / 12 panguban  batujajar ;2015;7;500000;13000000;;;2020/03/13;3;3
;warung ;sembako ;perdagangan;kp.cibogo rt 04/12 pangauban  batujajar ;2007;1;5000000;50000000;;;2020/03/14;3;3
;warung ;sembako;perdagangan;kp.cibogo rt 04/12 pangauban  batujajar ;2017;4;6000000;15000000;;;2020/03/15;3;3
;konder ;pulsa  ;perdagangan;kp.pengkolan rt 03/17 giri asih batujajar ;2003;10;500000;15000000;;;2020/03/16;3;3
;kelontongan ;kelontongan ;perdagangan;kp.pengkolan rt 02/07 giri asih batujajar;1999;3;5,000,000;8000000;083822004345;;2020/03/17;3;3
;jualan stiker ;kaca pilen dll;perdagangan;kp.cibeber hilir rt 02/02 giri asih  batujajar ;2000;1;5300000;20000000;0812948119476;;2020/03/18;3;3
;warung ;sembako ;perdagangan;kp.cimanglid rt 02/16 cangkorah  batujajar ;2011;4;3000000;720000000;;;2020/03/19;3;3
;warung sembako;sembako ;perdagangan;cimanglid rt 02/16 cangkorah  batujajar ;2011;4;3500000;108000000;;;2020/03/20;3;3
;warung euis ;sembako ;perdagangan;kp.sekebangbara rt 01/12 cangkorah  batujajar ;2016;4;1000000;12000000;085871125942;;2020/03/21;3;3
;warung seblak ''berkah rahmat'';sembako dan jajanan anak ;perdagangan;kp.seke bangbara rt 01/ 12 cangkorah  batujajar ;2000;6;20000000;120000000;087822267024;;2020/03/22;3;3
;agen air minum kangen water;air mineral ''kangen water '';perdagangan;kp.sekebabg bara  cangkorah  batujajar ;2005;4;30000000;108000000;085710248499;;2020/03/23;3;3
;warung ;sembako;perdagangan;kp.seketando rt 03/14 cangkorah batujajar ;2014;5;26000000;24000000;089605592014;;2020/03/24;3;3
;warung;sembako;perdagangan;kp.resmi galih rt 02/05 batujajar timur batujajar ;2007;4;3000000;10000000;;;2020/03/25;3;3
;warung;sembako;perdagangan;kp.cimanglid 02/16 cangkorah batujajar ;2010;6;5,000,000;384,000,000;;;2020/03/26;3;3
;telor asin ;dagang ;perdagangan;kp.sampih manggu rt 03/11 cangkorah  batujajar ;2012;2;50000;72,000,000;081910422811;;2020/03/27;3;3
;warung ;jajanan  ;perdagangan;kp. Sampih manggu rt. 03/11 cangkorah  batujajar;2008;7;12000000;10000000;083829794383;;2020/03/28;3;3
;warung ;jajanan;perdagangan;kp. Sampih manggu rt. 03/11 cangkorah  batujajar ;2008;2;15000000;13000000;083829793816;;2020/03/29;3;3
;warung ;sembako ;perdagangan;kp. Seketando  cangkorah  batujajar ;2003;3;17000000;26000000;081321021049;;2020/03/30;3;3
;warung ;sembako;perdagangan;kp. Cimanglid rt. 01/15 cangkorah  batujajar ;2012;5;24000000;32000000;;;2020/03/31;3;3
;warung makan/ sembako;warung sembako  ;perdagangan;kp. Seketando rt. 02/13 cangkorah  batujajar ;2010;5;700000;27,000,000;089605019402;;2020/04/01;3;3
;warung kecil ;ciki-cikian/ klontongan ;perdagangan;kp. Cipangula'an  giri asih  batujajar ;2001;12;15600000;9700000;082214421447-089655621656;;2020/04/02;3;3
;warung klontongan ;warung/ sembako ;perdagangan;kp. Pasir paku rt. 02/12 giri asih  batujajar ;2004;4;28000000;11000000;082315232253;;2020/04/03;3;3
;"warung ai ""GEULIS""";waruung sembako ;perdagangan;kp. Sekeloa rt. 03/09  cangkkorah  batujajar ;2011;6;16000000;8150000;085723714484;;2020/04/04;3;3
;agen gas lpg;gas elpiji 3 kg;perdagangan;kp.sekebang bara  cangkorah  batujajar ;2012;3;13000000;12000000;082217044417/087825825119;;2020/04/05;3;3
;kios jamu ;jamu;perdagangan;blok pesantren rt 04/04 batujajar barat  batujajar ;2010;8;2000000;23000000;;;2020/04/06;3;3
;tabubg gas el piji ;tabung gas el piji ;perdagangan;kp.sekebabng bara rt 01/12 cangkorah  batujajar ;2007;6;1500000;18000000;081321612313;;2020/04/07;3;3
;sumber sari indah ;bahan kimia khusus ;perdagangan;jl. Industri cimareme no.17  cimareme  batujajar ;2010;8;8000000;30000000;;;2020/04/08;3;3
;sumur sari;garam komsumsi ;perdagangan;jl. Raya cimareme no. 172/200 cimareme  batujajar ;2015;4;800000;8000000;;;2020/04/09;3;3
;tiara arya garya kencana ;cat,pernis dan lak ;perdagangan;jl. Raya cimareme no.185 cimareme  batujajar ;2002;4;45000000;30000000;;;2020/04/10;3;3
;cv. Infra ;karpet ;perdagangan; gadobangkong  batujajar ;2006;2;15000000;20000000;;;2020/04/11;3;3
;sumber mekar tekstil ;textile ;perdagangan;jl. Barisan no.2 gadobangkong  batujajar ;2017;9;4000000;7000000;;;2020/04/12;3;3
;pilar utam cotindo ;alat perangkat dan peindahan ;;jl. Raya gadobangkoang no.2 -A, rt. 01/05 gadobangkong  batujajar ;2005;5;20000000;100000000;;;2020/04/13;3;3
;LANUD SUPARLAN ( LANDASAN )     ;Bordiran Celana;perdagangan;KP.BABAKAN PARI RT.002 RW.004 DESA BATUJAJAR BARAT Batujajar Barat batujajar ;2003;4;3500000;20000000;;;2020/04/14;3;3
;PUSAKA CELL                                                       ;Pulsa, Hp ;perdagangan;BLOK BABAKAN SARI RT.006 RW.009                 DESA BATUJAJAR BARAT Batujajar Barat batujajar ;2016;4;2000000;30000000;;;2020/04/15;3;3
;LUTPIA                                                           ;Toko Mainan;perdagangan;KP.CIMANGLID RT.002 RW.015                             DESA CANGKORAH Cangkorah batujajar ;2012;5;1000000;6000000;;;2020/04/16;3;3
;IMAS SAGIANTI                                                        ;Toko Kelontong;perdagangan;KP.RESMI GALIH RT.002 RW.002                            DESA BATUJAJAR TIMUR Batujajar Barat batujajar ;2010;4;1200000;36000000;;;2020/04/17;3;3
;SAGIRAN                                                           ;Toko Kelontong;perdagangan;KP.DUNGUSPURNA RT.003 RW.008                        DESA GALANGGANG Galanggang batujajar ;2018;6;4000000;10000000;;;2020/04/18;3;3
;NENENG ROSITA                                                          ;Toko Elektronik;perdagangan;CIMANGLID RT.002 RW.015 DESA CANGKORAH Cangkorah batujajar ;2006;2;5000000;36000000;;;2020/04/19;3;3
;KEMBAR JAYA                                            ;Toko Kelontong;perdagangan;KP.JALANTIR RT.002 RW.014 DESA SELACAU Selacau batujajar ;2011;3;5000000;10000000;;;2020/04/20;3;3
;TOKO RAFI                                                            ;Toko Kelontong;perdagangan;PURI INDAH LESTARI BLOK E 1 NO.1 RT.002 RW.016 DESA BATUJAJAR TIMUR Batujajar Timur batujajar ;2012;3;12000000;20000000;;;2020/04/21;3;3
;TOKO FAJAR                                                          ;Toko Kelontong dan Peralatan rumah tangga;perdagangan;KP.RESMI GALIH RT.002 RW.002                            DESA BATUJAJAR TIMUR Batujajar Barat batujajar ;2010;2;15000000;50000000;;;2020/04/22;3;3
;WARUNG ANDRI                                                           ;Warung Nasi dan Kopi;perdagangan;KP.BABAKAN PARI RT.001 RW.004                                             DESA BATUJAJAR TIMUR Batujajar Barat batujajar ;2012;1;5000000;6000000;;;2020/04/23;3;3
;AL-HIKMAH                                                                                                          ;Toko Kelontong;perdagangan;KP.BABAKAN PARI RT.004 RW.004                                       DESA BATUJAJAR TIMUR  Batujajar Barat batujajar ;2001;3;30000000;50000000;;;2020/04/24;3;3
;BASO MALANG                                             ;Rumah makan (Bakso malang);perdagangan;KP.TAGOG NO.41 RT.001 RW.003                          MANDALAWANGI Mandalawangi batujajar ;2006;2;2000000;14400000;;;2020/04/25;3;3
;PAKAIAN DAN ALAT RUMAH TANGGA ;Peralatan rumah tangga;perdagangan;KP.RESMIGALIH RT.04/02 DS.BATUJAJAR TIMUR Batujajar Timur batujajar ;2015;3;10000000;38000000;;;2020/04/26;3;3
;Calaider;Digital Printing, Sablon Spanduk;jasa lainnya;Kp.Cicangkuang RT 02/09  Giri Asih Batujajar;2010;4;2000000;17500000;;;2020/04/27;3;3
;Loket Pembayaran Listrik;Jasa Pembayara;jasa lainnya;Kp.Cikonde RT 02/07 Desa  Bojongkalong  Batujajar;2010;2;2000000;36000000;085624499454 / 081221255801;;2020/04/28;3;3
;Pengrajin;Konveksi /Sablon;jasa lainnya;Kp. Warungpulus No. 443 RT. 01 RW. 14 Galanggang Batujajar;2000;2;10000000;36000000;;;2020/04/29;3;3
;Ellfi Foto Copy;Foto Copy;jasa lainnya;Kp.Sukasari    RT 02 RW 16 Galanggang Batujajar;2009;3;1000000;8100000;;;2020/04/30;3;3
;Mega Las;Jasa Las Besi;jasa lainnya;Jl.Raya Batujajar No.433  RT 03/12 Batujajar Barat Batujajar;2010;5;1000000;6000000;02292361417;;2020/05/01;3;3
;Warnet RB;Jasa Internet;jasa lainnya;Kp. Pengkolan RT 01/17 Desa  Giri Asih  Batujajar;2005;10;1000000;20000000;081321147522;;2020/05/02;3;3
;Pemancingan Sahate;;jasa lainnya;Kp. Jalantir RT 02/RW 14 Selacau Batujajar;2001;6;2000000;50000000;022-6865287;;2020/05/03;3;3
;las listrik ;bikin pagar ;jasa lainnya;kp. Pangauban rt 05/05  pangauban  batujajar ;2001;4;25000000;50000000;082315016277;;2020/05/04;3;3
;sinar mekar ;tenda , panggung ;jasa lainnya;kp. Panguban 01/06 pangauban  batujajar ;2001;4;25000000;6000000;;;2020/05/05;3;3
;surya medal sound;sound system;jasa lainnya;kp.panguban rt 02/06 pangauban  batujajar;2016;3;1500000;8000000;087825826493;;2020/05/06;3;3
;menyewakan alat pesta ;sound system (sewa alat sound system);jasa lainnya;kp.dunguspirna galanggang batujajar;2013;8;25000000;60000000;083821421657;;2020/05/07;3;3
;tambal ban ;tambal ban bengkel spedah ;jasa lainnya;Perum Giri Asih Blok C-4 RT 03/RW 14 giri asih batujajar ;2015;2;7000000;37000000;089683017919;;2020/05/08;3;3
;bengkel motor;tambal ban  ;jasa lainnya;kp.cibeber hilir rt 03/02 giri asih  batujajar ;2002;3;6000000;15000000;089656820187;;2020/05/09;3;3
;alat musik ;kp.ci beber hilir rt 01/03;jasa lainnya;kp.cibeber hilir  giri asih  batujajar ;2006;2;4000000;13000000;08996017735;;2020/05/10;3;3
;gms;sewa alat pesta ;jasa lainnya;kp.cipanggulaan rt 01/06 giri asih batujajar ;2017;2;2000000;15000000;087825816467/0853530002;;2020/05/11;3;3
;servis jok kursi;servis jok kursi;jasa lainnya;gang mesjit rt 01/05 galanggang  batujajar ;2005;3;1000000;20000000;087825377294;;2020/05/12;3;3
;pembuatan stempel , nemtag , dll;stempel,papan nama , spanduk ;jasa lainnya;kp.pos wetan rt 04/13 kertamulya padalarang;2012;5;15000000;30000000;085352310611;;2020/05/13;3;3
;mekta babakan tujuh ;peralatan pengukuran ;jasa lainnya;jl. Raya cimareme no. 340  cimareme  batujajar ;2008;3;1000000;6000000;085871225999/085317231333;;2020/05/14;3;3
;pengrajin perlengkapan ;perlengkapan kuda ;jasa lainnya;kp. Bunisari rt. 01/05 gadobangkong  batujajar ;2003;3;600000;36000000;;;2020/05/15;3;3
;promedika farma ;obat-obatan dan perbekalan ;jasa kesehatan;jl. Raya gadobangkong no.34  gadobangkong  batujajar ;2012;3;28000000;10000000;;;2020/05/16;3;3
;alsa gamenet ;warnet ;jasa lainnya;permata cimahi 1,A.6 no.3 gadobangkong  batujajar ;2010;3;3300000;20000000;;;2020/05/17;3;3
;remaja rosdakarya ;penerbitan dan percetakan ;jasa lainnya;jl. Raya cimahi padalarang no.93 gadobangkong  batujajar ;2001;3;2800000;35000000;;;2020/05/18;3;3
;Rias Pengantin “Sawargi”;Rias Pengantin;jasa lainnya;Kp. Warungpulus Gelanggang batujajar ;2007;1;7000000;72000000;;;2020/05/19;3;3
;Daffa Computer;Rental Computer;jasa lainnya;Kp. Warung pulus No 53 Rt 03/13 Batujajar Barat batujajar ;2001;4;6000000;36000000;;;2020/05/20;3;3
;Yayasan IDEAS;Rias Makeup;jasa lainnya;Kp. Warungpulus No. 13 RT 02 RW. 09 Galanggang batujajar ;2015;1;4000000;15000000;;;2020/05/21;3;3
;Berkah Abadi;Jasa Bengkel Las;jasa lainnya;Blok Panca Tengah RT 05/03  SMPN 1 Batujajar  Batujajar Barat batujajar ;2014;4;2000000;54000000;;;2020/05/22;3;3
;Joy Motor;Tambal ban ;jasa lainnya;Blok.Ranca RT 01 RW 02 Batujajar Barat batujajar ;2012;1;1000000;26000000;;;2020/05/23;3;3
;Ragam Mitra;Jasa Isi ulang Galon;jasa lainnya;Kp. Sciceuri   No. 44 RT. 01 RW. 02 Cangkorah batujajar ;2008;4;15000000;108000000;;;2020/05/24;3;3
;Kelompok Usaha Counter Pulsa Dealy Cell;Isi ulang Pulsa Elektronik;jasa lainnya;Blok Pancatengah 03/04 Jl.SMP Desa  Batujajar Barat batujajar ;2007;2;1000000;8400000;;;2020/05/25;3;3
;TOKO BILQA                                                   ;JUAL AIR ISI ULANG;jasa lainnya;kp.PASIR HONJE RT.001 RW.012                            DESA SELACAU Selacau batujajar ;2012;1;6000000;11000000;;;2020/05/26;3;3
;MINOR NET                                                           ;WARNET;jasa lainnya;PURI INDAH LESTARI B 2 NO.I A RT.003 RW.003 DESA BATUJAJAR TIMUR batujajar Timur batujajar ;2008;2;500000;15000000;;;2020/05/27;3;3
;PANGKAS RAMBUT SEDERHANA                                                          ;PANGKAS RAMBUT;jasa lainnya;KP.HAURNGAMBANG RT.002 RW.001                            DESA BATUJAJAR TIMUR Batujajar Barat batujajar ;2012;2;5,000,000;20000000;;;2020/05/28;3;3
;RISMAQUA   ;DEPOT ISI ULANG AIR MINUM;jasa lainnya;KP.CIBUNGUR RT.002 RW.010                            DESA BATUJAJAR TIMUR Batujajar Timur batujajar ;2007;2;2000000;20000000;;;2020/05/29;3;3
;""" SETYA NADA ""                  ";PENYEWAAN ALAT SOUND SYSTEM;jasa lainnya;KP.HAURNGAMBANG RT.002 RW.006                               DESA BATUJAJAR TIMUR Batujajar Barat batujajar ;2006;2;2000000;15000000;;;2020/05/30;3;3
;ANUGRAH JAYA LAS FITRI CANTIKA                  ;PASANG TALI KANOPY / LIS PROFIL KUSEN ALUMUNIUM;jasa lainnya;GUNUNG AKI RT.002 RW.008                                DESA BATUJAJAR TIMUR Batujajar Barat batujajar ;2012;2;50000000;10000000;;;2020/05/31;3;3
; - WARUNG AWI ;KOLAM JARING APUNG;jasa lainnya;KP.BABAKAN PARI RT.004 RW.004                            DESA BATUJAJAR TIMUR Batujajar Barat batujajar ;2002;4;50000000;15000000;;;2020/06/01;3;3
;GUDANG MESIN FOTOCOPY                                                                    ;JUAL BELI MESIN FOTOCOPY;jasa lainnya;BATUJAJAR INDAH II A RT.001 RW.019                        Batujajar Timur batujajar ;2011;2;10000000;24000000;;;2020/06/02;3;3
;BENGKEL SEPEDA                                     ;BENGKEL SEPEDA;jasa lainnya;KP.BABAK PARI RT.004 RW.004                            DESA BATUJAJAR TIMUR Batujajar Barat batujajar ;2013;3;30000000;15000000;;;2020/06/03;3;3
;SM SINAR MEKAR ;SEWA ALAT PESTA;jasa lainnya;BLOK TENGAH KP.BABAKAN PARI RT.04/05 DS.BATUJAJAR TIMUR                                                                  Batujajar Barat batujajar ;2011;6;35000000;11000000;;;2020/06/04;3;3
;Ternak Itik;Ternak Itik;peternakan;Kp. Ciketung Bojongjambu Ciselang Jati Batujajar;2009;3;10000000;36000000;;;2020/06/05;3;3
;Kelompok Usaha Ekonomi Produktif Rahayu;Telur Itik;peternakan;Kp.Sekecengek RT 01/RW 08 Cangkorah Batujajar;2010;3;1000000;12000000;022705278645;;2020/06/06;3;3
;ternak bebek;jual beli bebek;peternakan;kp.haur nyondol rt 02 / 06 cangkorah batujajar ;2005;4;1000000;12000000;;;2020/06/07;3;3
;Telor Asin;Telor Asin;peternakan;Kp.Cikonde RT 02/07 Desa  Bojongkalong  batujajar ;2001;3;20000000;70000000;083829793816;;2020/06/08;3;3
;Peternakan Ayam Petelur;Telur;peternakan;Kp. Warungpulus No. 443 RT. 01 RW. 14 Galanggang batujajar ;2001;2;20000000;65000000;;;2020/06/09;3;3
;Kelompok Usaha Mudah Rezeki;Ternak Domba;peternakan;Kp.Sukasari    RT 02 RW 16 Galanggang batujajar ;2001;3;3500000;50000000;;;2020/06/10;3;3
;Perternaka Ulat Hongkong;Ulat Hongkong;peternakan;Jl.Raya Batujajar No.433  RT 03/12 Batujajar Barat batujajar ;2016;3;2000000;10000000;;;2020/06/11;3;3
;Kelompok Usaha Bersama Saraksa;Ternak Domba;peternakan;Blok Babakan Sari Rt 01 Rw 06 Batujajar Barat batujajar ;2008;2;25000000;100000000;;;2020/06/12;3;3
;Kelompok Usaha Ternak Domba  Sugih Mukti;Ternak Domba;peternakan;Kp. Warung Pulus Rt.002 Rw.009 Galanggang  batujajar ;2016;4;15000000;12000000;;;2020/06/13;3;3
;Kelompok Usaha Kecil Berkah Sejati;Domba Pedaging;peternakan;Blok Warung Pulus Rt.002 Rw.014 Batujajar Barat batujajar ;2012;3;11500000;12000000;;;2020/06/14;3;3
;Kelompok Usaha Bersama Ternak Domba;Ternak Domba;peternakan;Kp. Neglasari Rt. 04 Rw. 15  Galanggang batujajar ;2017;2;2000000;15000000;;;2020/06/15;3;3
;Kelompok Usaha Ternak Itik dan bebek Lestari;Ternak Itik dan Bebek;peternakan;Kp. Cibeber hilir RT. 01/16  Giri Asih batujajar ;2008;1;2000000;13000000;;;2020/06/16;3;3
;Citra Mandiri;Peternakan Bebek;peternakan;Kp. Jalantik Ds. Selatan Rt 02 Rw 13 Giri Asih batujajar ;2012;4;10000000;36000000;;;2020/06/17;3;3
;TERNAK AYAM                                                                                                                         ;Peternakan Ayam;peternakan;JL.SMP RT.003 RW.004  DESA BATUJAJAR BARAT 0853 527 27770 Batujajar Barat batujajar ;2010;3;28000000;50000000;;;2020/06/18;3;3
;TERNAKBEBEK;Peternakan Bebek;peternakan;KP CIHURIP RT.002 RW.011 DESA PANGAUBAN Desa arat batujajar ;2012;3;3300000;15000000;;;2020/06/19;3;3
; -TERNAK AYAM MAS DENI;Peternakan Ayam;peternakan;kP.SINARMUKTI RT.001 RW.001 DESA SELACAU Selacau batujajar ;2005;3;2800000;15000000;;;2020/06/20;3;3
;AYAM KAMPUNG;Peternakan Ayam Kampung;peternakan;KP.BANURAJA RT.002 RW.009                             DESA PANGAUBAN Pangauban batujajar ;2007;3;25000000;25000000;;;2020/06/21;3;3
;AYAM PETELOR AGUS;Peternakan Ayam Telur;peternakan;KP PICUNG GEDE RT 01 RW 05 CIPATIK KEC CIHAMPELAS  Kec arat batujajar ;2006;2;8000000;20000000;;;2020/06/22;3;3
;Kelompok Usaha Ternak Bebek;Kelompok Usaha Ternak;peternakan;Blok Ranca RT 02 RW 02 Batujajar Barat batujajar ;2011;1;50000000;72,000,000;;;2020/06/23;3;3
;Peternakan Domba;Ternak Ayam;peternakan;Rt.03/Rw.170-186 Galanggang batujajar ;2005;3;12000000;10000000;;;2020/06/24;3;3
;Peternakan Ikan Cupang;Ternak Ayam;peternakan;kp.gunung halu rt 01/05 Giriasih  batujajar ;2012;3;15000000;13000000;;;2020/06/25;3;3
;Peternakan Ayam Kampung;Ayam Kampung;peternakan;Kp Pajajaran RT 02/11   Galanggang  batujajar ;2010;2;17000000;26000000;;;2020/06/26;3;3
;Ternak domba;Ternak domba;peternakan;Cibeber hilir RW. 16 Giri Asih batujajar ;2012;4;16000000;32000000;;;2020/06/27;3;3
;Peternakan Ikan Nila;Ternak Ikan Nila;peternakan;Kp. Selacau RT.01/08 Selacau batujajar ;2006;6;5000000;30000000;;;2020/06/28;3;3
;Ternak domba;Ternak domba;peternakan;Jl.Selacau Kp.Selacau RT 02 RW 05 Selacau batujajar ;2011;8;12000000;40000000;;;2020/06/29;3;3
;Peternakan Ikan Lele;Ternak Lele;peternakan;Kp.Resmigalih RT 02 RW 02 Batujajar Timur batujajar ;2003;3;15000000;20000000;;;2020/06/30;3;3
;Gin’s Mandiri Sport (GMS);Jasa Bengkel Motor;reparasi mobil dan motor;Jl. Raya Batujajar No. 266 Desa  Galanggang  Batujajar;2003;6;3000000;43200000;081322192696;;2020/07/01;3;3
;bengkel motor;ganti oli servis;reparasi mobil dan motor;kp.sekebangbara rt 01/12 cangkorah batujajar;2011;4;22000000;40000000;081224369730;;2020/07/02;3;3
;fm. Motor bengkel ;bengkel ;reparasi mobil dan motor;kp.cibogo rt 04/12 panguban  batujajar ;2015;5;15000000;24000000;;;2020/07/03;3;3
;Parbue Motor;bengkel  motor;reparasi mobil dan motor;Jl Raya Batujajar No 152 Giriasih  batujajar ;2008;3;23500000;35000000;;;2020/07/04;3;3
;Bengkel Aditya Racing Team ;tune Up Motor ;reparasi mobil dan motor;Jl Raya Batujajar No 102 Giriasih  batujajar ;2001;3;14000000;42000000;;;2020/07/05;3;3
;Bengkel Riham Jaya Motor;bengkel  motor;reparasi mobil dan motor;Puri Indah Lestaro Bloc C 4 No 87 Batujajar Batujajar Timur batujajar ;2012;3;4000000;43200000;;;2020/07/06;3;3
;Willy Jaya Motor;bengkel  motor;reparasi mobil dan motor;Jalan Raya Sinar Mukti No 190 RT 04 RW 06 Selacau batujajar ;2007;4;10000000;40000000;;;2020/07/07;3;3
;Bengkel NDL MOTOR;bengkel  motor;reparasi mobil dan motor;Jl. Kaum Selatan batujajar Batujajar Timur batujajar ;2008;3;8000000;24000000;;;2020/07/08;3;3
;Bengkel Kasmiran;bengkel  motor;reparasi mobil dan motor;Kp. Gunung Leutik RT 04 RW 12 Batujajar Timur batujajar ;2012;3;25000000;40.000.00;;;2020/07/09;3;3
;Bengkel Margrib Motor;bengkel  motor;reparasi mobil dan motor;Jl Raya Batujajar, Galanggang RT 04 05 Galanggang  batujajar ;2013;5;15000000;60000000;;;2020/07/10;3;3
;Bengkel Mobil Asep Ocenr;bengkel mobil;reparasi mobil dan motor;Jl SMP RT 05 RW 10 Batujajar barat batujajar ;2008;3;3000000;15000000;;;2020/07/11;3;3
;Bengkel Jaya Motor;bengkel  motor;reparasi mobil dan motor;Jalan Kaum Selatan No 36 Rt 08 RW 02 Giriasih  batujajar ;2012;2;22000000;37500000;;;2020/07/12;3;3
;Sumber Rezeki Jaya Motor;bengkel  motor;reparasi mobil dan motor;kp.cibogo rt 04/12 panguban  batujajar ;2008;4;15000000;26000000;;;2020/07/13;3;3
;Sanjaya Lestari Mobil;bengkel mobil;reparasi mobil dan motor;Jalan Raya Sinar Mukti No 20 RT 01 RW 02 Selacau batujajar ;2016;4;3500000;20000000;;;2020/07/14;3;3
;Wong Motorl;bengkel  motor;reparasi mobil dan motor;Jalan Raya Sinar Mukti No 20 RT 01 RW 03 Selacau batujajar ;2012;3;1200000;36000000;;;2020/07/15;3;3
;Agus Motor Racing;bengkel  motor;reparasi mobil dan motor;KP.GUNUNG AKI RT.002 RW.008                                    DESA BATUJAJAR TIMUR Batujajar Barat batujajar ;2007;6;20000000;10000000;;;2020/07/16;3;3
;FARIS ALFA RENTAL;bengkel  motor;reparasi mobil dan motor;PURI INDAH LESTARI BLOK D-8 N0.13A RT.04/16                                                                    Batujajar Timur batujajar ;2011;4;20000000;33500000;;;2020/07/17;3;3
;BENGKEL LAS;bengkel  Las;reparasi mobil dan motor;KP.SUKASARI RT.01 RW.16 Galanggang batujajar ;2016;3;25000000;24000000;;;2020/07/18;3;3
;Jual Ikan Segar;Jasa Bengkel Motor;Perikanan;Jl. Raya Batujajar No. 266 Desa  Galanggang  Batujajar;2003;6;3000000;43200000;081322192696;;2020/07/19;3;3
;Jualan Ikan;ganti oli servis;Perikanan;kp.sekebangbara rt 01/12 cangkorah batujajar;2011;4;22000000;40000000;081224369730;;2020/07/20;3;3
;Jualan Ikan Basah;bengkel ;Perikanan;kp.cibogo rt 04/12 panguban  batujajar ;2015;5;15000000;24000000;;;2020/07/21;3;3
;Mega Biru;Jual kan Asin;Perikanan;Jl Raya Batujajar No 152 Giriasih  batujajar ;2008;3;23500000;35000000;;;2020/07/22;3;3
;Jual Beli Ikan;Jual Beli Ikan;Perikanan;Jl Raya Batujajar No 102 Giriasih  batujajar ;2008;8;6000000;20000000;;;2020/07/23;3;3
;Budi Daya Ikan Lele;Budi Daya Ikan Lele;Perikanan;Kp. Warung Pulus Rt.002 Rw.009 Galanggang  batujajar ;2012;7;500000;30000000;;;2020/07/24;3;3
;abon ikan  ;Jual Abon Ikan;Perikanan;Blok Warung Pulus Rt.002 Rw.014 Batujajar Barat batujajar ;2010;7;5,000,000;6000000;;;2020/07/25;3;3
;TERNAK IKAN JARING TERAPUNG;Budi Daya Ikan Jaring Apung;Perikanan;Kp. Neglasari Rt. 04 Rw. 15  Galanggang batujajar ;2005;10;2000000;36000000;;;2020/07/26;3;3
;KOLAM JARING TERAPUNG;Budi Daya Ikan Jaring Apung;Perikanan;Jl.Batujajar Blok Suka Maju RW 11 Batujajar Barat batujajar ;2008;3;2000000;10000000;;;2020/07/27;3;3
;KOLAM JARING TERAPUNG;Budi Daya Ikan Jaring Apung;Perikanan;Jl.Batujajar Kp. Resmigalih RT 01/RW 02 Batujajar Timur batujajar ;2009;6;2000000;20000000;;;2020/07/28;3;3
;KOLAM JARING TERAPUNG;Budi Daya Ikan Jaring Apung;Perikanan;Jl.Batujajar Kp.Cibeber Hilir RT 01/RW 01 Giri Asih batujajar ;2013;7;10000000;50000000;;;2020/07/29;3;3
;KOLAM JARING TERAPUNG;Budi Daya Ikan Jaring Apung;Perikanan;kp.cibogo rt 04/12 Pangauban batujajar ;2015;3;1000000;43000000;;;2020/07/30;3;3
;Ikan;Budi Daya Ikan Jaring Apung;Perikanan;Kp.Jalantir RT 01/RW 14 Selacau batujajar ;2016;5;1000000;11000000;;;2020/07/31;3;3
;Garsin;Jual Ikan Segar;Perikanan;Kp. Babakan Pari RT 03/ RW 04 Batujajar Timur batujajar ;2015;2;1000000;12000000;;;2020/08/01;3;3
;GARSIN ;jual ikan asin ;Perikanan;Kp. Galanggang RT 01/ RW 19 Galanggang batujajar ;2016;3;2000000;15000000;;;2020/08/02;3;3
;Harapan Jaya;jual ikan Segr;Perikanan;Blok Sukamaju RT 04/RW 12 Batujajar Barat batujajar ;2012;4;25000000;12000000;;;2020/08/03;3;3
;Kelompok Usaha Kerta Raharja;budidaya Ikan;Perikanan;Blok Ranca RT 02 RW 02 Batujajar Barat batujajar ;2007;3;25000000;21000000;;;2020/08/04;3;3
;UMKM Abon Ikan Nila;Produksi abon ikan;Perikanan;Rt.03/Rw.170-186 Galanggang batujajar ;2017;3;1500000;20000000;;;2020/08/05;3;3
;aira food;Ikan Beku;Perikanan;kp.gunung halu rt 01/05 giriasih  batujajar ;2001;3;25000000;10000000;;;2020/08/06;3;3
;Pemancingan Lele saung Jarstone;Pemancingan Ikan;Perikanan;Jl. SMP RT 04 RW 04 Batujajar Timur batujajar ;2002;5;20000000;12000000;;;2020/08/07;3;3
;jual beli sayur mayur;tomat,cabe, jagung, dll;pertanian;kp.sekebangbara rt 01/12 cangkorah batujajar;2012;2;1200000;15000000;;;2020/08/08;3;3
;tani syuran;cabe merah, timun;pertanian;kp.sekebangbara rt 01/12 cangkorah batujajar;2005;3;4000000;24000000;081214033614;;2020/08/09;3;3
;Jual Buah Segar;buah buahan ;pertanian;kp.haur nyondol rt 01/06 cangkorah batujajar;2007;3;3000000;15000000;081224369730;;2020/08/10;3;3
;cv. pro group ;tanaman hias bunga ;pertanian;perum cimareme indah  cimareme  batujajar ;2006;6;3500000;11000000;;;2020/08/11;3;3
;nenden florist ;bibit bunga  ;pertanian;jl. Gadobangkong rt. 01/03 gadobangkong  batujajar ;2011;5;3000000;15000000;;;2020/08/12;3;3
;Kios Buah Novi;DAGANG BUAH-BUAHAN ;pertanian;KP.DUNGUSPURNA RT.003 RW.010                     DESA GALANGGANG Galanggang batujajar ;2005;2;6000000;20000000;;;2020/08/13;3;3
;Toko Padi Pak Tarno;JUAL BELI PADI;pertanian;KP.CIMANGLID RT.003 RW.015                             DESA CANGKORAH Cangkorah batujajar ;2010;3;5000000;20000000;;;2020/08/14;3;3
;FRESH FRUIT;JUALAN BUAH;pertanian;Jl.Terusan SMP RT 02/15  Batujajar Barat batujajar ;2001;2;2000000;15000000;;;2020/08/15;3;3
;Kios Sayur Rina;JUALAN SAYURAN DAN WARUNGAN;pertanian;Kp Cihurip RT 01 Rw 11  Pangauban  batujajar ;2005;5;2000000;10000000;;;2020/08/16;3;3
;Kios Buah Abe;JUALAN ANEKA BUAH-BUAHAN;pertanian;KP.BABAKAN PARI RT.003 RW.005                               DESA BATUJAJAR TIMUR Batujajar Barat batujajar ;2010;5;2000000;16000000;;;2020/08/17;3;3
;AYU BUAH                                                        ;JUALAN BUAH-BUAHAN;pertanian;KP.DUNGUSPURNA RT.003 RW.010                            DESA GALANGGANG Galanggang batujajar ;2012;4;10000000;12500000;;;2020/08/18;3;3
;PASAR RECOK CIJERAH;JUALAN SAYURAN;pertanian;KP.HAURNGAMBANG RT.01/07 DS.BATUJAJAR TIMUR Batujajar Timur batujajar ;2013;3;1000000;12000000;;;2020/08/19;3;3
;SENTRA LEMON LIA;JUALAN LEMON HERBAL;pertanian;BLOK BABAKANSARI RT.03/05 DS.BATUJAJAR BARAT Barat batujajar ;2004;2;1000000;6000000;;;2020/08/20;3;3
;WARUNG TOGE;PETANI TOGE;pertanian;KP.HAURNGAMBANG RT.03/07 DS.BATUJAJAR TIMUR  Batujajar Timur batujajar ;;5;1500000;12000000;;;2020/08/21;3;3
;Biji Sayuran;Biji Sayuran;pertanian;Jl.Smp Blok Panatengah Rt.05/Rw.03 Batujajar Barat batujajar ;;3;1000000;10000000;;;2020/08/22;3;3
;Melinjo;Melinjo;pertanian;Kp.Citunjung RT.03/03 Batujajar Timur batujajar ;;3;1200000;15000000;;;2020/08/23;3;3
;Pengolahan Teh Mahkota;Teh Rakyat;pertanian;Kp.Wargasaluyu Giri Asih batujajar ;;2;4000000;24000000;;;2020/08/24;3;3
;jual beli gabah/beras;jual beli gabah/beras ;pertanian;Kp.Hegarmanah 2 Rt.02/Rw.03 Galanggang batujajar ;;2;3000000;15000000;;;2020/08/25;3;3
;DAGANG SAYURAN ;DAGANG SAYURAN ;pertanian;Kp. Warungpulus No. 443 RT. 01 RW. 14 Galanggang batujajar ;;3;3500000;11000000;;;2020/08/26;3;3
;JUAL BELI HASIL BUMI;JUAL BELI HASIL BUMI;pertanian;Kp.Sukasari    RT 02 RW 16 Galanggang batujajar ;;3;3000000;15000000;;;2020/08/27;3;3
;BUDIDAYA JAMUR TIRAM;BUDIDAYA JAMUR TIRAM;pertanian;Jl.Raya Batujajar No.433  RT 03/12 Batujajar Barat batujajar ;;2;6000000;20000000;;;2020/08/28;3;3
